company_name,industry,headquarters_address,headquarters_city,headquarters_country,year_founded,ownership,company_number,employee_count,market_cap_usd,total_revenue_usd,net_profit_usd,total_assets_usd,company_website,social_media_links,representative_name,total_raised,company_description,company_stage,share_price,legal_form,_source_table
Enel Spa,"Finance, Insurance, and Real Estate",VIALE REGINA MARGHERITA 137,ROMA,ITALY,1962,Corporation,,,,,,,,,,,,,,,hitHorizons_dataset
Esselunga Spa,Retail Trade,VIA GIAMBOLOGNA 1,MILANO,ITALY,1957,Corporation,,,,,,,,,,,,,,,hitHorizons_dataset
Superit Srl,"Finance, Insurance, and Real Estate",VIA VITTOR PISANI 20,MILANO,ITALY,2019,Corporation,,,,,,,,,,,,,,,hitHorizons_dataset
Saras Spa,Manufacturing,GALLERIA PASSARELLA 2,MILANO,ITALY,1962,Corporation,,,,,,,,,,,,,,,hitHorizons_dataset
Unicredit Spa,"Finance, Insurance, and Real Estate",PIAZZA GAE AULENTI 3 TOWER A,MILANO,ITALY,1870,Corporation,,,,,,,,,,,,,,,hitHorizons_dataset
Send To Me Srl,Services,VIALE UNGHERIA 46,MILANO,ITALY,2020,Corporation,,,,,,,,,,,,,,,hitHorizons_dataset
Intesa Sanpaolo Vita Spa,"Finance, Insurance, and Real Estate",CORSO INGHILTERRA 3,TORINO,ITALY,1980,Corporation,,,,,,,,,,,,,,,hitHorizons_dataset
Unipolsai Assicurazioni Spa,"Finance, Insurance, and Real Estate",VIA STALINGRADO 45,BOLOGNA,ITALY,1921,Corporation,,,,,,,,,,,,,,,hitHorizons_dataset
Totalenergies Petrochemicals & Refining Sa Nv,Wholesale Trade,VIA ROMBON 11,MILANO,ITALY,2004,Foreign Company,,,,,,,,,,,,,,,hitHorizons_dataset
Sanastera Spa,"Finance, Insurance, and Real Estate",PIAZZA MINGHETTI 4/D,BOLOGNA,ITALY,2007,Corporation,,,,,,,,,,,,,,,hitHorizons_dataset
Hera Spa,"Transportation, Communications, Electric, Gas, and Sanitary Services",VIALE CARLO BERTI PICHAT 2/4,BOLOGNA,ITALY,1925,Corporation,,,,,,,,,,,,,,,hitHorizons_dataset
Esso Italiana Srl,Wholesale Trade,VIALE CASSALA 57,MILANO,ITALY,1891,Corporation,,,,,,,,,,,,,,,hitHorizons_dataset
Poste Italiane Spa,"Transportation, Communications, Electric, Gas, and Sanitary Services",VIALE EUROPA 190,ROMA,ITALY,1861,Corporation,,,,,,,,,,,,,,,hitHorizons_dataset
A2a Spa,"Transportation, Communications, Electric, Gas, and Sanitary Services",CORSO DI PORTA VITTORIA 4,MILANO,ITALY,1996,Corporation,,,,,,,,,,,,,,,hitHorizons_dataset
Arrow Electronics Emeasa Srl,"Finance, Insurance, and Real Estate",VIALE DELL'INNOVAZIONE 3,MILANO,ITALY,2002,Corporation,,,,,,,,,,,,,,,hitHorizons_dataset
Edison Spa,"Finance, Insurance, and Real Estate",FORO BUONAPARTE 31,MILANO,ITALY,1994,Corporation,,,,,,,,,,,,,,,hitHorizons_dataset
Ferrovie Dello Stato Italiane Spa,"Finance, Insurance, and Real Estate",PIAZZA DELLA CROCE ROSSA 1,ROMA,ITALY,1992,Corporation,,,,,,,,,,,,,,,hitHorizons_dataset
Prysmian Spa,Wholesale Trade,VIA CHIESE 6,MILANO,ITALY,2005,Corporation,,,,,,,,,,,,,,,hitHorizons_dataset
Leonardo Spa,Manufacturing,PIAZZA MONTE GRAPPA 4,ROMA,ITALY,1897,Corporation,,,,,,,,,,,,,,,hitHorizons_dataset
Generali Italia Spa,"Finance, Insurance, and Real Estate",VIA MAROCCHESA 14,TREVISO,ITALY,1927,Corporation,,,,,,,,,,,,,,,hitHorizons_dataset
Enel Energia Spa,"Transportation, Communications, Electric, Gas, and Sanitary Services",VIA SAN GIOVANNI SUL MURO 9,MILANO,ITALY,1962,Corporation,,,,,,,,,,,,,,,hitHorizons_dataset
Intesa Sanpaolo Spa,"Finance, Insurance, and Real Estate",VIA MONTE DI PIETA' 8,MILANO,ITALY,1925,Corporation,,,,,,,,,,,,,,,hitHorizons_dataset
Telecom Italia Spa,"Transportation, Communications, Electric, Gas, and Sanitary Services",VIA GAETANO NEGRI 1,MILANO,ITALY,1908,Corporation,,,,,,,,,,,,,,,hitHorizons_dataset
Poste Vita Spa,"Finance, Insurance, and Real Estate",VIALE EUROPA 190,ROMA,ITALY,1996,Corporation,,,,,,,,,,,,,,,hitHorizons_dataset
Fca Italy S.p.a. In Forma Fiat Chrysler Automobiles E In Forma Abbreviato Fiat Group Autom,Manufacturing,CORSO GIOVANNI AGNELLI 200,TORINO,ITALY,1978,Corporation,,,,,,,,,,,,,,,hitHorizons_dataset
Enel Italia Spa,"Finance, Insurance, and Real Estate",VIALE REGINA MARGHERITA 125,ROMA,ITALY,2001,Corporation,,,,,,,,,,,,,,,hitHorizons_dataset
Gestore Dei Mercati Energetici Spa,"Transportation, Communications, Electric, Gas, and Sanitary Services",VIALE MARESCIALLO PILSUDSKI 122/124,ROMA,ITALY,2000,Corporation,,,,,,,,,,,,,,,hitHorizons_dataset
Amazon Eu S.a Rl,Retail Trade,VIALE MONTE GRAPPA 3/5,MILANO,ITALY,2011,Foreign Company,,,,,,,,,,,,,,,hitHorizons_dataset
Gestore Dei Servizi Energetici - Gse Spa,"Transportation, Communications, Electric, Gas, and Sanitary Services",VIALE MARESCIALLO PILSUDSKI 92,ROMA,ITALY,1999,Corporation,,,,,,,,,,,,,,,hitHorizons_dataset
Eni Spa,Manufacturing,PIAZZALE ENRICO MATTEI 1,ROMA,ITALY,1953,Corporation,,,,,,,,,,,,,,,hitHorizons_dataset
Iveco Spa,Manufacturing,VIA PUGLIA 35,TORINO,ITALY,1974,Corporation,,,,,,,,,,,,,,,hitHorizons_dataset
Lidl Italia Srl,Wholesale Trade,VIA AUGUSTO RUFFO 36,VERONA,ITALY,1991,Corporation,,,,,,,,,,,,,,,hitHorizons_dataset
Webuild Spa,Construction,CENTRO DIREZIONALE MILANOFIORI SNC,MILANO,ITALY,1959,Corporation,,,,,,,,,,,,,,,hitHorizons_dataset
Atlantia Spa,"Finance, Insurance, and Real Estate",PIAZZA DI SAN SILVESTRO 8,ROMA,ITALY,1950,Corporation,,,,,,,,,,,,,,,hitHorizons_dataset
Salini Costruttori Spa,Construction,VIA DEL LAURO 3,MILANO,ITALY,1972,Corporation,,,,,,,,,,,,,,,hitHorizons_dataset
Amazon Web Services Emea Sarl,Services,VIALE MONTE GRAPPA 3/5,MILANO,ITALY,2017,Foreign Company,,,,,,,,,,,,,,,hitHorizons_dataset
Allianz Spa,"Finance, Insurance, and Real Estate",PIAZZA TRE TORRI 3,MILANO,ITALY,1911,Corporation,,,,,,,,,,,,,,,hitHorizons_dataset
Mediolanum Vita Spa,"Finance, Insurance, and Real Estate",VIA FRANCESCO SFORZA,MILANO,ITALY,1972,Corporation,,,,,,,,,,,,,,,hitHorizons_dataset
Engie Italia Spa,Services,VIALE FULVIO TESTI 280,MILANO,ITALY,2000,Corporation,,,,,,,,,,,,,,,hitHorizons_dataset
Enel Global Trading Spa,Wholesale Trade,VIALE REGINA MARGHERITA 125,ROMA,ITALY,1999,Corporation,,,,,,,,,,,,,,,hitHorizons_dataset
Hera Trading Srl,"Transportation, Communications, Electric, Gas, and Sanitary Services",VIA MOLINO ROSSO 8,BOLOGNA,ITALY,2001,Corporation,,,,,,,,,,,,,,,hitHorizons_dataset
Alleanza Assicurazioni Spa,"Finance, Insurance, and Real Estate",PIAZZA FIDIA 1,MILANO,ITALY,2009,Corporation,,,,,,,,,,,,,,,hitHorizons_dataset
Marco Polo International Italy Srl,"Finance, Insurance, and Real Estate",VIA SAN PRIMO 4,MILANO,ITALY,2018,Corporation,,,,,,,,,,,,,,,hitHorizons_dataset
Fincantieri Spa,Manufacturing,VIA GENOVA 1,TRIESTE,ITALY,1959,Corporation,,,,,,,,,,,,,,,hitHorizons_dataset
Eurospin Italia Spa,"Finance, Insurance, and Real Estate",VIA CAMPALTO 3/D,VERONA,ITALY,1994,Corporation,,,,,,,,,,,,,,,hitHorizons_dataset
E-distribuzione Spa,"Transportation, Communications, Electric, Gas, and Sanitary Services",VIA CARLO FELICE 35,SASSARI,ITALY,1999,Corporation,,,,,,,,,,,,,,,hitHorizons_dataset
Saipem Spa,Construction,VIA MARTIRI DI CEFALONIA 67,MILANO,ITALY,1969,Corporation,,,,,,,,,,,,,,,hitHorizons_dataset
Enel Produzione Spa,"Transportation, Communications, Electric, Gas, and Sanitary Services",VIALE REGINA MARGHERITA 125,ROMA,ITALY,1962,Corporation,,,,,,,,,,,,,,,hitHorizons_dataset
Guccio Gucci Spa,Manufacturing,VIA DON LORENZO PEROSI 6,FIRENZE,ITALY,1939,Corporation,,,,,,,,,,,,,,,hitHorizons_dataset
Pirelli & C. Spa,"Finance, Insurance, and Real Estate",VIALE PIERO E ALBERTO PIRELLI 25,MILANO,ITALY,1883,Corporation,,,,,,,,,,,,,,,hitHorizons_dataset
Unicredit Allianz Vita Spa,"Finance, Insurance, and Real Estate",PIAZZA TRE TORRI 3,MILANO,ITALY,1995,Corporation,,,,,,,,,,,,,,,hitHorizons_dataset
Acquirente Unico Spa,"Transportation, Communications, Electric, Gas, and Sanitary Services",VIA GUIDUBALDO DEL MONTE 45,ROMA,ITALY,1999,Corporation,,,,,,,,,,,,,,,hitHorizons_dataset
Volkswagen Group Italia Spa,Retail Trade,VIALE GERARD RICHARD GUMPERT 1,VERONA,ITALY,1984,Corporation,,,,,,,,,,,,,,,hitHorizons_dataset
Versalis Spa,Manufacturing,PIAZZA MARCELLO BOLDRINI 1,MILANO,ITALY,1989,Corporation,,,,,,,,,,,,,,,hitHorizons_dataset
A. Menarini Industrie Farmaceutiche Riunite Srl,Manufacturing,VIA DEI SETTE SANTI 3,FIRENZE,ITALY,1886,Corporation,,,,,,,,,,,,,,,hitHorizons_dataset
Barilla Holding Srl,"Finance, Insurance, and Real Estate",VIA MANTOVA 166,PARMA,ITALY,1978,Corporation,,,,,,,,,,,,,,,hitHorizons_dataset
Guido M. Barilla E F.lli Sapa,"Finance, Insurance, and Real Estate",VIA MANTOVA 166,PARMA,ITALY,1984,Corporation,,,,,,,,,,,,,,,hitHorizons_dataset
Cremonini Spa,"Finance, Insurance, and Real Estate",VIA MODENA 53,MODENA,ITALY,1966,Corporation,,,,,,,,,,,,,,,hitHorizons_dataset
Cremofin Srl,"Finance, Insurance, and Real Estate",VIA MODENA 53,MODENA,ITALY,1985,Corporation,,,,,,,,,,,,,,,hitHorizons_dataset
Societa' Europea Veicoli Leggeri Sevel Spa,Manufacturing,VIALE AVVOCATO GIOVANNI AGNELLI 10,CHIETI,ITALY,1978,Corporation,,,,,,,,,,,,,,,hitHorizons_dataset
Ferrari - Societa'per Azioni Esercizio Fabbriche Automobili E Corse,Manufacturing,VIA ABETONE INFERIORE 2,MODENA,ITALY,1947,Corporation,,,,,,,,,,,,,,,hitHorizons_dataset
Credit Agricole Vita Spa,"Finance, Insurance, and Real Estate",STRADA DELL'UNIVERSITA' 1,PARMA,ITALY,1988,Corporation,,,,,,,,,,,,,,,hitHorizons_dataset
Sonatrach Raffineria Italiana Srl,Manufacturing,CONTRADA MARCELLINO C.P. 88 SNC,SIRACUSA,ITALY,2018,Corporation,,,,,,,,,,,,,,,hitHorizons_dataset
Coop Alleanza 3.0 Soc Coop,Retail Trade,VIA VILLANOVA 29/7,BOLOGNA,ITALY,1923,Corporation,,,,,,,,,,,,,,,hitHorizons_dataset
Chimet Spa,Manufacturing,VIA DEI LAGHI 31/33,AREZZO,ITALY,1974,Corporation,,,,,,,,,,,,,,,hitHorizons_dataset
Riva Forni Elettrici Spa,"Finance, Insurance, and Real Estate",VIALE CERTOSA 249,MILANO,ITALY,2012,Corporation,,,,,,,,,,,,,,,hitHorizons_dataset
Nuovo Pignone Holding Spa,"Finance, Insurance, and Real Estate",VIA FELICE MATTEUCCI 2,FIRENZE,ITALY,1954,Corporation,,,,,,,,,,,,,,,hitHorizons_dataset
Zeor Finanziaria Spa,"Finance, Insurance, and Real Estate",VIA DI PORTA PINCIANA 4,ROMA,ITALY,1999,Corporation,,,,,,,,,,,,,,,hitHorizons_dataset
Autostrade Per L'italia Spa,"Transportation, Communications, Electric, Gas, and Sanitary Services",VIA ALBERTO BERGAMINI 50,ROMA,ITALY,1950,Corporation,,,,,,,,,,,,,,,hitHorizons_dataset
Trenitalia Spa,"Transportation, Communications, Electric, Gas, and Sanitary Services",PIAZZA DELLA CROCE ROSSA 1,ROMA,ITALY,1905,Corporation,,,,,,,,,,,,,,,hitHorizons_dataset
Fideuram Vita Spa,"Finance, Insurance, and Real Estate",VIA ENNIO QUIRINO VISCONTI 80,ROMA,ITALY,1980,Corporation,,,,,,,,,,,,,,,hitHorizons_dataset
Marcegaglia Holding Srl,Manufacturing,VIA BRESCIANI 16,MANTOVA,ITALY,2015,Corporation,,,,,,,,,,,,,,,hitHorizons_dataset
Vodafone Italia Spa,"Transportation, Communications, Electric, Gas, and Sanitary Services",VIA GUGLIELMO JERVIS 13,TORINO,ITALY,2002,Corporation,,,,,,,,,,,,,,,hitHorizons_dataset
Edison Energia Spa,"Transportation, Communications, Electric, Gas, and Sanitary Services",FORO BUONAPARTE 31,MILANO,ITALY,1986,Corporation,,,,,,,,,,,,,,,hitHorizons_dataset
Italpreziosi Spa,Manufacturing,LOCALITA' SAN ZENO ZONA INDUSTRIALE STRADA A 32,AREZZO,ITALY,1984,Corporation,,,,,,,,,,,,,,,hitHorizons_dataset
Assicurazioni Generali Spa,"Finance, Insurance, and Real Estate",PIAZZA LUIGI AMEDEO DUCA DEGLI ABRUZZI 2,TRIESTE,ITALY,1831,Corporation,,,,,,,,,,,,,,,hitHorizons_dataset
Groupe Psa Italia Spa,Retail Trade,VIA PLAVA 80,TORINO,ITALY,1969,Corporation,,,,,,,,,,,,,,,hitHorizons_dataset
Finanziaria D'investimento Fininvest Spa,"Finance, Insurance, and Real Estate",VIA PIETRO PALEOCAPA 3,MILANO,ITALY,1978,Corporation,,,,,,,,,,,,,,,hitHorizons_dataset
Cassa Depositi E Prestiti Spa,"Finance, Insurance, and Real Estate",VIA GOITO 4,ROMA,ITALY,1946,Corporation,,,,,,,,,,,,,,,hitHorizons_dataset
Aurelia Srl,"Finance, Insurance, and Real Estate",STRADA STATALE PER NOVI LIGURE 3/13,ALESSANDRIA,ITALY,1983,Corporation,,,,,,,,,,,,,,,hitHorizons_dataset
A.i.a. Agricola Italiana Alimentare Spa,Wholesale Trade,VIA VALPANTENA 18/G,VERONA,ITALY,1967,Corporation,,,,,,,,,,,,,,,hitHorizons_dataset
Banco Bpm Spa,"Finance, Insurance, and Real Estate",PIAZZA NOGARA 2,VERONA,ITALY,2016,Corporation,,,,,,,,,,,,,,,hitHorizons_dataset
Acea Spa,"Transportation, Communications, Electric, Gas, and Sanitary Services",PIAZZALE OSTIENSE 2,ROMA,ITALY,1908,Corporation,,,,,,,,,,,,,,,hitHorizons_dataset
B&d Holding Spa,"Finance, Insurance, and Real Estate",VIA GIOVANNI DA VERRAZZANO 15,NOVARA,ITALY,2012,Corporation,,,,,,,,,,,,,,,hitHorizons_dataset
De Agostini Spa,"Finance, Insurance, and Real Estate",VIA GIOVANNI DA VERRAZZANO 15,NOVARA,ITALY,1901,Corporation,,,,,,,,,,,,,,,hitHorizons_dataset
Gs Spa,Retail Trade,VIA CALDERA 21,MILANO,ITALY,1965,Corporation,,,,,,,,,,,,,,,hitHorizons_dataset
Cnp Vita Assicurazione Spa,"Finance, Insurance, and Real Estate",VIA ANGELO SCARSELLINI 14,MILANO,ITALY,1990,Corporation,,,,,,,,,,,,,,,hitHorizons_dataset
Cnp Vita Assicura Spa,"Finance, Insurance, and Real Estate",VIA ANGELO SCARSELLINI 14,MILANO,ITALY,1988,Corporation,,,,,,,,,,,,,,,hitHorizons_dataset
Pac 2000 A Soc Coop,Wholesale Trade,VIA DEL RAME SNC,PERUGIA,ITALY,1972,Cooperative,,,,,,,,,,,,,,,hitHorizons_dataset
Ludo Spa,"Finance, Insurance, and Real Estate",VIA ANTONIO FOGAZZARO 28,MILANO,ITALY,2014,Corporation,,,,,,,,,,,,,,,hitHorizons_dataset
Prada Spa,Retail Trade,VIA LUNGARNO 1213-61,AREZZO,ITALY,1990,Corporation,,,,,,,,,,,,,,,hitHorizons_dataset
Acciaierie D'italia Spa,Manufacturing,VIALE CERTOSA 239,MILANO,ITALY,1995,Corporation,,,,,,,,,,,,,,,hitHorizons_dataset
Acciaierie D'italia Holding Spa,Manufacturing,VIALE CERTOSA 239,MILANO,ITALY,2016,Corporation,,,,,,,,,,,,,,,hitHorizons_dataset
Allianz Global Investors Gmbh,"Finance, Insurance, and Real Estate",VIA DURINI 1,MILANO,ITALY,2012,Foreign Company,,,,,,,,,,,,,,,hitHorizons_dataset
Sony Europe B.v.,Wholesale Trade,VIA ANGELO RIZZOLI 4,MILANO,ITALY,2018,Foreign Company,,,,,,,,,,,,,,,hitHorizons_dataset
Sorgenia Spa,"Transportation, Communications, Electric, Gas, and Sanitary Services",VIA ALESSANDRO ALGARDI 4,MILANO,ITALY,1999,Corporation,,,,,,,,,,,,,,,hitHorizons_dataset
F2i Er 1 Spa,"Finance, Insurance, and Real Estate",VIA SAN PROTASO 5,MILANO,ITALY,2014,Corporation,,,,,,,,,,,,,,,hitHorizons_dataset
Fimedi Spa,"Finance, Insurance, and Real Estate",CORSO RE UMBERTO 10,TORINO,ITALY,1974,Corporation,,,,,,,,,,,,,,,hitHorizons_dataset
Buzzi Unicem Spa,Manufacturing,VIA LUIGI BUZZI 6,ALESSANDRIA,ITALY,1907,Corporation,,,,,,,,,,,,,,,hitHorizons_dataset
Genertellife Spa,"Finance, Insurance, and Real Estate",VIA MAROCCHESA 14,TREVISO,ITALY,1999,Corporation,,,,,,,,,,,,,,,hitHorizons_dataset
Logista Italia Spa,Wholesale Trade,VIA VALADIER 37,ROMA,ITALY,2001,Corporation,,,,,,,,,,,,,,,hitHorizons_dataset
Pirelli Tyre Spa,Manufacturing,VIALE PIERO E ALBERTO PIRELLI 25,MILANO,ITALY,1983,Corporation,,,,,,,,,,,,,,,hitHorizons_dataset
Hera Comm Spa,"Transportation, Communications, Electric, Gas, and Sanitary Services",VIA MOLINO ROSSO 8,BOLOGNA,ITALY,2001,Corporation,,,,,,,,,,,,,,,hitHorizons_dataset
Autogrill Spa,Retail Trade,GALLERIA SAN BABILA 4/A,MILANO,ITALY,1946,Corporation,,,,,,,,,,,,,,,hitHorizons_dataset
Rete Ferroviaria Italiana Spa,"Transportation, Communications, Electric, Gas, and Sanitary Services",PIAZZA DELLA CROCE ROSSA 1,ROMA,ITALY,1992,Corporation,,,,,,,,,,,,,,,hitHorizons_dataset
Swietelsky Baugesellschaft M.b.h.,Construction,VIA DEL SOLE 34,BOLZANO,ITALY,2008,Foreign Company,,,,,,,,,,,,,,,hitHorizons_dataset
Cnh Industrial Italia Spa,Manufacturing,VIALE DELLE NAZIONI 55,MODENA,ITALY,1973,Corporation,,,,,,,,,,,,,,,hitHorizons_dataset
Iren Mercato Spa,"Transportation, Communications, Electric, Gas, and Sanitary Services",VIA DEI SANTI GIACOMO E FILIPPO 7,GENOVA,ITALY,2000,Corporation,,,,,,,,,,,,,,,hitHorizons_dataset
Duferco Italia Holding Spa,"Finance, Insurance, and Real Estate",VIA ARMANDO DIAZ 248,BRESCIA,ITALY,1990,Corporation,,,,,,,,,,,,,,,hitHorizons_dataset
Trasporti Internazionali Agenzia Marittima Savino Del Bene Spa,"Transportation, Communications, Electric, Gas, and Sanitary Services",VIA DEL BOTTEGHINO 24/26,FIRENZE,ITALY,1920,Corporation,,,,,,,,,,,,,,,hitHorizons_dataset
Unieuro Spa,Retail Trade,VIA PIERO MARONCELLI 10,FORLI'-CESENA,ITALY,1935,Corporation,,,,,,,,,,,,,,,hitHorizons_dataset
Axpo Italia Spa,"Transportation, Communications, Electric, Gas, and Sanitary Services",VIA XII OTTOBRE 1,GENOVA,ITALY,2000,Corporation,,,,,,,,,,,,,,,hitHorizons_dataset
Sind International Srl,"Finance, Insurance, and Real Estate",VIA BIGLI 21,MILANO,ITALY,1993,Corporation,,,,,,,,,,,,,,,hitHorizons_dataset
Danieli & C. Officine Meccaniche Spa,Manufacturing,VIA NAZIONALE 41,UDINE,ITALY,1962,Corporation,,,,,,,,,,,,,,,hitHorizons_dataset
Md Spa,Retail Trade,ZONA A.S.I.CAPANNONE 18,CASERTA,ITALY,2005,Corporation,,,,,,,,,,,,,,,hitHorizons_dataset
Isab Srl,Manufacturing,EX S.S. 114 KM 146 SNC,SIRACUSA,ITALY,2008,Corporation,,,,,,,,,,,,,,,hitHorizons_dataset
Astm Spa,"Finance, Insurance, and Real Estate",CORSO REGINA MARGHERITA 165,TORINO,ITALY,1928,Corporation,,,,,,,,,,,,,,,hitHorizons_dataset
Alessandro Patane' Srl,Services,VIA AMASENO 24,LATINA,ITALY,1999,Corporation,,,,,,,,,,,,,,,hitHorizons_dataset
Fpt Industrial Spa,Manufacturing,VIA PUGLIA 15,TORINO,ITALY,1974,Corporation,,,,,,,,,,,,,,,hitHorizons_dataset
Luxottica Group Spa,Wholesale Trade,PIAZZALE LUIGI CADORNA 3,MILANO,ITALY,1981,Corporation,,,,,,,,,,,,,,,hitHorizons_dataset
De' Longhi Spa,"Finance, Insurance, and Real Estate",VIA LODOVICO SEITZ 47,TREVISO,ITALY,1992,Corporation,,,,,,,,,,,,,,,hitHorizons_dataset
Bridgestone Europe Nv Sa,Manufacturing,VIA ENERGY PARK 14,MONZA E BRIANZA,ITALY,2013,Foreign Company,,,,,,,,,,,,,,,hitHorizons_dataset
Gi Group Spa,Services,PIAZZA IV NOVEMBRE 5,MILANO,ITALY,1995,Corporation,,,,,,,,,,,,,,,hitHorizons_dataset
Cnp Unicredit Vita Spa,"Finance, Insurance, and Real Estate",VIA EMILIO CORNALIA 30,MILANO,ITALY,1996,Corporation,,,,,,,,,,,,,,,hitHorizons_dataset
Mapei Spa,Manufacturing,VIALE EDOARDO JENNER 4,MILANO,ITALY,1961,Corporation,,,,,,,,,,,,,,,hitHorizons_dataset
Emme Esse Vi Srl,"Finance, Insurance, and Real Estate",VIA SASSOFERRATO 1,MILANO,ITALY,2007,Corporation,,,,,,,,,,,,,,,hitHorizons_dataset
Nintendo Of Europe Gmbh,Services,VIA TORRI BIANCHE 6,MONZA E BRIANZA,ITALY,2002,Foreign Company,,,,,,,,,,,,,,,hitHorizons_dataset
Snam Spa,"Finance, Insurance, and Real Estate",PIAZZA SANTA BARBARA 7,MILANO,ITALY,1941,Corporation,,,,,,,,,,,,,,,hitHorizons_dataset
A2a Energia Spa,"Transportation, Communications, Electric, Gas, and Sanitary Services",CORSO DI PORTA VITTORIA 4,MILANO,ITALY,1999,Corporation,,,,,,,,,,,,,,,hitHorizons_dataset
Grimaldi Group Spa,"Transportation, Communications, Electric, Gas, and Sanitary Services",VIA MARCHESE CAMPODISOLA 13,NAPOLI,ITALY,1945,Corporation,,,,,,,,,,,,,,,hitHorizons_dataset
Veronesi Holding Spa,Services,VIA VALPANTENA 18/G,VERONA,ITALY,1984,Corporation,,,,,,,,,,,,,,,hitHorizons_dataset
Nuovo Pignone International Srl,Manufacturing,VIA FELICE MATTEUCCI 2,FIRENZE,ITALY,1954,Corporation,,,,,,,,,,,,,,,hitHorizons_dataset
Gruppo Unicomm Spa,"Finance, Insurance, and Real Estate",VIA ENRICO MATTEI 50,VICENZA,ITALY,1969,Corporation,,,,,,,,,,,,,,,hitHorizons_dataset
Chiesi Farmaceutici Spa,Manufacturing,VIA PALERMO 26/A,PARMA,ITALY,1935,Corporation,,,,,,,,,,,,,,,hitHorizons_dataset
Valline Srl,"Finance, Insurance, and Real Estate",STRADELLO MARCHE 6,PARMA,ITALY,1990,Corporation,,,,,,,,,,,,,,,hitHorizons_dataset
Eni Fuel Spa,Retail Trade,VIALE GIORGIO RIBOTTA 51,ROMA,ITALY,1985,Corporation,,,,,,,,,,,,,,,hitHorizons_dataset
Comifar Spa,"Finance, Insurance, and Real Estate",VIA FRATELLI DI DIO 2,MILANO,ITALY,1944,Corporation,,,,,,,,,,,,,,,hitHorizons_dataset
Whirlpool Emea Spa,Manufacturing,STRADA PROVINCIALE ARCEVIESE 139/A,ANCONA,ITALY,1930,Corporation,,,,,,,,,,,,,,,hitHorizons_dataset
Bmw Italia Spa,Retail Trade,VIA DELL'UNIONE EUROPEA 1,MILANO,ITALY,1973,Corporation,,,,,,,,,,,,,,,hitHorizons_dataset
Conad Nord Ovest Societa' Cooperativa A R.l.,Wholesale Trade,VIA BURE VECCHIA NORD 10,PISTOIA,ITALY,1964,Corporation,,,,,,,,,,,,,,,hitHorizons_dataset
Unicoop Firenze Soc Coop,"Finance, Insurance, and Real Estate",VIA SANTA REPARATA 43,FIRENZE,ITALY,1891,Corporation,,,,,,,,,,,,,,,hitHorizons_dataset
Spesa Intelligente Spa,Wholesale Trade,VIA CAMPALTO 3/D,VERONA,ITALY,1992,Corporation,,,,,,,,,,,,,,,hitHorizons_dataset
Banca Monte Dei Paschi Di Siena Spa,"Finance, Insurance, and Real Estate",PIAZZA SALIMBENI 3,SIENA,ITALY,1472,Corporation,,,,,,,,,,,,,,,hitHorizons_dataset
Rai Radiotelevisione Italiana Spa,"Transportation, Communications, Electric, Gas, and Sanitary Services",VIALE GIUSEPPE MAZZINI 14,ROMA,ITALY,2001,Corporation,,,,,,,,,,,,,,,hitHorizons_dataset
De La Costa Srl,"Finance, Insurance, and Real Estate",VIA PORTICI UMBERTO I 5/3,VERONA,ITALY,2018,Corporation,,,,,,,,,,,,,,,hitHorizons_dataset
Calzedonia Holding Spa,"Finance, Insurance, and Real Estate",VIA MONTE BALDO 20,VERONA,ITALY,2008,Corporation,,,,,,,,,,,,,,,hitHorizons_dataset
Eurizon Capital Sgr Spa,"Finance, Insurance, and Real Estate",PIAZZETTA GIORDANO DELL'AMORE 3,MILANO,ITALY,1983,Corporation,,,,,,,,,,,,,,,hitHorizons_dataset
Finiper Canova Group Spa,"Finance, Insurance, and Real Estate",VIA AMILCARE PONCHIELLI 7,MILANO,ITALY,2008,Corporation,,,,,,,,,,,,,,,hitHorizons_dataset
Bper Banca Spa,"Finance, Insurance, and Real Estate",VIA SAN CARLO 8/20,MODENA,ITALY,1867,Corporation,,,,,,,,,,,,,,,hitHorizons_dataset
Gecos - Generale Di Commercio E Servizi Spa,"Finance, Insurance, and Real Estate",VIA DELLE INDUSTRIE 8,VENEZIA,ITALY,1958,Corporation,,,,,,,,,,,,,,,hitHorizons_dataset
Gruppo Pam Spa,Wholesale Trade,VIA DELLE INDUSTRIE 8,VENEZIA,ITALY,1980,Corporation,,,,,,,,,,,,,,,hitHorizons_dataset
Ibm Italia Spa,Services,CIRCONVALLAZIONE IDROSCALO SNC,MILANO,ITALY,1927,Corporation,,,,,,,,,,,,,,,hitHorizons_dataset
Brembo Spa,Manufacturing,VIALE EUROPA 2,BERGAMO,ITALY,1971,Corporation,,,,,,,,,,,,,,,hitHorizons_dataset
Nuova Fourb Srl,"Finance, Insurance, and Real Estate",VIA MONTE ORTIGARA 5,BERGAMO,ITALY,2004,Corporation,,,,,,,,,,,,,,,hitHorizons_dataset
Sky Italia Srl,"Transportation, Communications, Electric, Gas, and Sanitary Services",VIA MONTE PENICE 7,MILANO,ITALY,1993,Corporation,,,,,,,,,,,,,,,hitHorizons_dataset
Barilla G. E R. Fratelli Spa,Manufacturing,VIA MANTOVA 166,PARMA,ITALY,1988,Corporation,,,,,,,,,,,,,,,hitHorizons_dataset
Alitalia Societa' Aerea Italiana Spa,"Transportation, Communications, Electric, Gas, and Sanitary Services",VIA ALBERTO NASSETTI PAL.ALFA SNC,ROMA,ITALY,1999,Corporation,,,,,,,,,,,,,,,hitHorizons_dataset
Bolton Group Srl,Services,VIA GIOVANNI BATTISTA PIRELLI 19,MILANO,ITALY,1980,Corporation,,,,,,,,,,,,,,,hitHorizons_dataset
Factor Holding Srl,"Finance, Insurance, and Real Estate",VIA GIOVANNI BATTISTA PIRELLI 19,MILANO,ITALY,2010,Corporation,,,,,,,,,,,,,,,hitHorizons_dataset
Anas Spa,"Transportation, Communications, Electric, Gas, and Sanitary Services",VIA MONZAMBANO 10,ROMA,ITALY,1950,Corporation,,,,,,,,,,,,,,,hitHorizons_dataset
Maire Tecnimont Spa,"Finance, Insurance, and Real Estate",VIA GAETANO DE CASTILLIA 6/A,MILANO,ITALY,2003,Corporation,,,,,,,,,,,,,,,hitHorizons_dataset
Samsung Electronics Italia Spa,Wholesale Trade,VIA MIKE BONGIORNO 9,MILANO,ITALY,1991,Corporation,,,,,,,,,,,,,,,hitHorizons_dataset
Renault Italia Spa,Retail Trade,VIA TIBURTINA 1159,ROMA,ITALY,1962,Corporation,,,,,,,,,,,,,,,hitHorizons_dataset
Axa Assicurazioni Spa,"Finance, Insurance, and Real Estate",CORSO COMO 17,MILANO,ITALY,1947,Corporation,,,,,,,,,,,,,,,hitHorizons_dataset
Mediamarket Spa,Retail Trade,VIA FURLANELLI 69,MONZA E BRIANZA,ITALY,1990,Corporation,,,,,,,,,,,,,,,hitHorizons_dataset
Finarvedi Spa,"Finance, Insurance, and Real Estate",PIAZZA LODI 7,CREMONA,ITALY,1979,Corporation,,,,,,,,,,,,,,,hitHorizons_dataset
Inalca Spa,Manufacturing,VIA SPILAMBERTO 30/C,MODENA,ITALY,1988,Corporation,,,,,,,,,,,,,,,hitHorizons_dataset
Banca Nazionale Del Lavoro Spa,"Finance, Insurance, and Real Estate",VIALE ALTIERO SPINELLI 30,ROMA,ITALY,2007,Corporation,,,,,,,,,,,,,,,hitHorizons_dataset
Fastweb Spa,"Transportation, Communications, Electric, Gas, and Sanitary Services",VIA FRANCESCO CARACCIOLO 51,MILANO,ITALY,1999,Corporation,,,,,,,,,,,,,,,hitHorizons_dataset
Finbre Spa,"Finance, Insurance, and Real Estate",VIALE DEL LAVORO 20,VERONA,ITALY,1986,Corporation,,,,,,,,,,,,,,,hitHorizons_dataset
Maxi Di Srl,Retail Trade,VIALE DEL LAVORO 20,VERONA,ITALY,1975,Corporation,,,,,,,,,,,,,,,hitHorizons_dataset
Swisscom Italia Srl,"Finance, Insurance, and Real Estate",PIAZZA ADRIANO OLIVETTI 1,MILANO,ITALY,2007,Corporation,,,,,,,,,,,,,,,hitHorizons_dataset
Zurich Investments Life Spa,"Finance, Insurance, and Real Estate",VIA BENIGNO CRESPI 23,MILANO,ITALY,1952,Corporation,,,,,,,,,,,,,,,hitHorizons_dataset
Arca Vita Spa,"Finance, Insurance, and Real Estate",VIA DEL FANTE 21,VERONA,ITALY,1987,Corporation,,,,,,,,,,,,,,,hitHorizons_dataset
Agricola Tre Valli Societa' Cooperativa,Manufacturing,VIA VALPANTENA 18/G,VERONA,ITALY,1983,Corporation,,,,,,,,,,,,,,,hitHorizons_dataset
Conad Consorzio Nazionale Dettaglianti Soc Coop,Wholesale Trade,VIA MICHELINO 59,BOLOGNA,ITALY,1962,Corporation,,,,,,,,,,,,,,,hitHorizons_dataset
Sesa Spa,Services,VIA DELLA PIOVOLA 138,FIRENZE,ITALY,2010,Corporation,,,,,,,,,,,,,,,hitHorizons_dataset
Terna Rete Elettrica Nazionale Spa,"Transportation, Communications, Electric, Gas, and Sanitary Services",VIALE EGIDIO GALBANI 70,ROMA,ITALY,1999,Corporation,,,,,,,,,,,,,,,hitHorizons_dataset
Moncler Spa,"Finance, Insurance, and Real Estate",VIA ENRICO STENDHAL 47,MILANO,ITALY,2004,Corporation,,,,,,,,,,,,,,,hitHorizons_dataset
Michelin Italiana S.a.m.i. Spa,Manufacturing,CORSO GIULIO CESARE 424/95/C,TORINO,ITALY,1930,Corporation,,,,,,,,,,,,,,,hitHorizons_dataset
Brt Spa,"Transportation, Communications, Electric, Gas, and Sanitary Services",VIA ENRICO MATTEI 42,BOLOGNA,ITALY,1979,Corporation,,,,,,,,,,,,,,,hitHorizons_dataset
De' Longhi Appliances Srl,Manufacturing,VIA LODOVICO SEITZ 47,TREVISO,ITALY,1968,Corporation,,,,,,,,,,,,,,,hitHorizons_dataset
Ford Italia Spa,Retail Trade,VIA DEL SERAFICO 89,ROMA,ITALY,1929,Corporation,,,,,,,,,,,,,,,hitHorizons_dataset
So.fi.d.a. Spa,"Finance, Insurance, and Real Estate",CONTRADA DELLA MISERICORDIA 14,VICENZA,ITALY,1988,Corporation,,,,,,,,,,,,,,,hitHorizons_dataset
Arianna 2001 Spa,Services,VIA LEOPOLDO SERRA 32,ROMA,ITALY,1985,Corporation,,,,,,,,,,,,,,,hitHorizons_dataset
Recordati Industria Chimica E Farmaceutica Spa,Manufacturing,VIA MATTEO CIVITALI 1,MILANO,ITALY,1926,Corporation,,,,,,,,,,,,,,,hitHorizons_dataset
Leroy Merlin Italia Srl,Retail Trade,STRADA 8 PALAZZO N MILANOFIORI,MILANO,ITALY,1993,Corporation,,,,,,,,,,,,,,,hitHorizons_dataset
Vittoria Assicurazioni Spa,"Finance, Insurance, and Real Estate",VIA IGNAZIO GARDELLA 2,MILANO,ITALY,1921,Corporation,,,,,,,,,,,,,,,hitHorizons_dataset
Vanini Holding Srl,"Finance, Insurance, and Real Estate",VIA ANSPERTO 7,MILANO,ITALY,2004,Corporation,,,,,,,,,,,,,,,hitHorizons_dataset
Fedrigoni Spa,Manufacturing,VIA ENRICO FERMI 13/F,VERONA,ITALY,1961,Corporation,,,,,,,,,,,,,,,hitHorizons_dataset
Gruppo Ipg Holding Spa,"Finance, Insurance, and Real Estate",VIALE BIANCA MARIA 24,MILANO,ITALY,2007,Corporation,,,,,,,,,,,,,,,hitHorizons_dataset
Bg Holding Srl,"Finance, Insurance, and Real Estate",VIA BORGONUOVO 14,MILANO,ITALY,2020,Corporation,,,,,,,,,,,,,,,hitHorizons_dataset
Burgo Group Spa,Manufacturing,VIA PIAVE 1,VICENZA,ITALY,1905,Corporation,,,,,,,,,,,,,,,hitHorizons_dataset
Gruppo Lactalis Italia Srl,"Finance, Insurance, and Real Estate",VIA FLAVIO GIOIA 8,MILANO,ITALY,2002,Corporation,,,,,,,,,,,,,,,hitHorizons_dataset
Megaholding Srl,"Finance, Insurance, and Real Estate",STRADA PROVINCIALE 130 ANDRIA-TRANI,BARLETTA ANDRIA TRANI,ITALY,1979,Corporation,,,,,,,,,,,,,,,hitHorizons_dataset
Betflag Spa,Services,ZONA INDUSTRIALE DI BARAGIANO SNC,POTENZA,ITALY,2010,Corporation,,,,,,,,,,,,,,,hitHorizons_dataset
Computer Gross Spa,Wholesale Trade,VIA DEL PINO 1,FIRENZE,ITALY,1993,Corporation,,,,,,,,,,,,,,,hitHorizons_dataset
Publitalia 80 Concessionaria Pubblicita' Spa,Services,VIALE EUROPA 46,MILANO,ITALY,1979,Corporation,,,,,,,,,,,,,,,hitHorizons_dataset
Papiniano Spa,"Finance, Insurance, and Real Estate",VIA GUGLIELMO MARCONI 36,BOLOGNA,ITALY,1985,Corporation,,,,,,,,,,,,,,,hitHorizons_dataset
Ies Italiana Energia E Servizi Spa,Manufacturing,STRADA CIPATA 79,MANTOVA,ITALY,1975,Corporation,,,,,,,,,,,,,,,hitHorizons_dataset
Commercianti Indipendenti Associati Soc Coop,Wholesale Trade,VIA DEI MERCANTI 3,FORLI'-CESENA,ITALY,1959,Corporation,,,,,,,,,,,,,,,hitHorizons_dataset
Casillo Partecipazioni Spa,"Finance, Insurance, and Real Estate",VIA ANTONIO SANT'ELIA,BARI,ITALY,1998,Corporation,,,,,,,,,,,,,,,hitHorizons_dataset
Otb Spa,"Finance, Insurance, and Real Estate",VIA DELL'INDUSTRIA 2,VICENZA,ITALY,1981,Corporation,,,,,,,,,,,,,,,hitHorizons_dataset
Ansaldo Energia Spa,Manufacturing,VIA NICOLA LORENZI 8,GENOVA,ITALY,1953,Corporation,,,,,,,,,,,,,,,hitHorizons_dataset
Romeo Gas Spa,"Transportation, Communications, Electric, Gas, and Sanitary Services",VIA VERIZZO 1030,TREVISO,ITALY,2021,Corporation,,,,,,,,,,,,,,,hitHorizons_dataset
Sg Distribuzione Srl,"Transportation, Communications, Electric, Gas, and Sanitary Services",VIA GIORGIO PERLASCA 20/C,PARMA,ITALY,2022,Corporation,,,,,,,,,,,,,,,hitHorizons_dataset
Radicifin Sapa,"Finance, Insurance, and Real Estate",VIA GIUSEPPE VERDI 11,BERGAMO,ITALY,1985,Corporation,,,,,,,,,,,,,,,hitHorizons_dataset
Alpha Trading Spa,Wholesale Trade,VIA BRIGATA LIGURIA 3/19,GENOVA,ITALY,1985,Corporation,,,,,,,,,,,,,,,hitHorizons_dataset
Credit Agricole Italia Spa,"Finance, Insurance, and Real Estate",STRADA DELL'UNIVERSITA' 1,PARMA,ITALY,1860,Corporation,,,,,,,,,,,,,,,hitHorizons_dataset
Manpower Srl,Services,VIA GIOACCHINO ROSSINI 6/8,MILANO,ITALY,1996,Corporation,,,,,,,,,,,,,,,hitHorizons_dataset
Bennet Holding Spa,"Finance, Insurance, and Real Estate",PIAZZA DELLA REPUBBLICA 28,MILANO,ITALY,2010,Corporation,,,,,,,,,,,,,,,hitHorizons_dataset
Finmeg Srl,"Finance, Insurance, and Real Estate",PIAZZA DELLA REPUBBLICA 28,MILANO,ITALY,2007,Corporation,,,,,,,,,,,,,,,hitHorizons_dataset
Bennet Spa,Retail Trade,VIA ENZO RATTI 2,COMO,ITALY,1983,Corporation,,,,,,,,,,,,,,,hitHorizons_dataset
Servizi In Rete 2001 Srl,Services,VIA LEOPOLDO SERRA 32,ROMA,ITALY,1988,Corporation,,,,,,,,,,,,,,,hitHorizons_dataset
Cosulich International Srl,"Finance, Insurance, and Real Estate",PONTE FRANCESCO MOROSINI 41,GENOVA,ITALY,2007,Corporation,,,,,,,,,,,,,,,hitHorizons_dataset
Fratelli Cosulich Spa,"Transportation, Communications, Electric, Gas, and Sanitary Services",VIA DANTE ALIGHIERI 5,TRIESTE,ITALY,1948,Corporation,,,,,,,,,,,,,,,hitHorizons_dataset
Dolomiti Energia Trading Spa,"Transportation, Communications, Electric, Gas, and Sanitary Services",VIA FERSINA 23,TRENTO,ITALY,2000,Corporation,,,,,,,,,,,,,,,hitHorizons_dataset
Ferrero Commerciale Italia Srl,Wholesale Trade,PIAZZALE PIETRO FERRERO 1,CUNEO,ITALY,2015,Corporation,,,,,,,,,,,,,,,hitHorizons_dataset
Arcelormittal Commercial Italy Srl,Wholesale Trade,ZONA INDUSTRIALE SNC,AVELLINO,ITALY,1971,Corporation,,,,,,,,,,,,,,,hitHorizons_dataset
Arval Service Lease Italia Spa,Services,VIA DELLE SETTE REGOLE 21,FIRENZE,ITALY,1995,Corporation,,,,,,,,,,,,,,,hitHorizons_dataset
Reti Televisive Italiane Spa,"Transportation, Communications, Electric, Gas, and Sanitary Services",VIALE EUROPA 44/46 48,MILANO,ITALY,1983,Corporation,,,,,,,,,,,,,,,hitHorizons_dataset
Caltagirone Spa,"Finance, Insurance, and Real Estate",VIA BARBERINI 28,ROMA,ITALY,1908,Corporation,,,,,,,,,,,,,,,hitHorizons_dataset
Nexi Payments Spa,"Finance, Insurance, and Real Estate",CORSO SEMPIONE 55,MILANO,ITALY,1985,Corporation,,,,,,,,,,,,,,,hitHorizons_dataset
Unicomm Srl,Retail Trade,VIA ADELE BEI 340,FORLI'-CESENA,ITALY,1980,Corporation,,,,,,,,,,,,,,,hitHorizons_dataset
Hdi Assicurazioni Spa,"Finance, Insurance, and Real Estate",PIAZZA GUGLIELMO MARCONI 25,ROMA,ITALY,1927,Corporation,,,,,,,,,,,,,,,hitHorizons_dataset
Iper Montebello Spa,Retail Trade,VIA MARCO ULPIO TRAIANO 57,MILANO,ITALY,1963,Corporation,,,,,,,,,,,,,,,hitHorizons_dataset
Egea Ente Gestione Energia E Ambiente Spa,"Finance, Insurance, and Real Estate",VIA VIVARO 2,CUNEO,ITALY,1924,Corporation,,,,,,,,,,,,,,,hitHorizons_dataset
Sdf Spa,"Finance, Insurance, and Real Estate",VIALE FRANCESCO CASSANI 14,BERGAMO,ITALY,1927,Corporation,,,,,,,,,,,,,,,hitHorizons_dataset
Reply Spa,Services,VIA CARDINALE GUGLIELMO MASSAIA 83,TORINO,ITALY,1997,Corporation,,,,,,,,,,,,,,,hitHorizons_dataset
Sdf Holding Spa,"Finance, Insurance, and Real Estate",VIA XX SETTEMBRE 58/C,BERGAMO,ITALY,2017,Corporation,,,,,,,,,,,,,,,hitHorizons_dataset
Compagnia Siderurgica Italiana Srl,"Finance, Insurance, and Real Estate",ZONA INDUSTRIALE,UDINE,ITALY,2006,Corporation,,,,,,,,,,,,,,,hitHorizons_dataset
Fin.fer. Spa,"Finance, Insurance, and Real Estate",ZONA INDUSTRIALE SNC,UDINE,ITALY,1977,Corporation,,,,,,,,,,,,,,,hitHorizons_dataset
Credemvita Spa,"Finance, Insurance, and Real Estate",VIA LUIGI SANI 1,REGGIO EMILIA,ITALY,1990,Corporation,,,,,,,,,,,,,,,hitHorizons_dataset
Ge Italia Holding Srl,"Finance, Insurance, and Real Estate",VIA I MAGGIO 99,TORINO,ITALY,2019,Corporation,,,,,,,,,,,,,,,hitHorizons_dataset
Alperia Smart Services Srl,"Transportation, Communications, Electric, Gas, and Sanitary Services",VIA DODICIVILLE 8,BOLZANO,ITALY,1999,Corporation,,,,,,,,,,,,,,,hitHorizons_dataset
Ovs Spa,Retail Trade,VIA TERRAGLIO 17,VENEZIA,ITALY,2014,Corporation,,,,,,,,,,,,,,,hitHorizons_dataset
Candy Hoover Group Srl,Manufacturing,VIA EDEN FUMAGALLI,MONZA E BRIANZA,ITALY,1945,Corporation,,,,,,,,,,,,,,,hitHorizons_dataset
Francesco Spa,"Finance, Insurance, and Real Estate",VIA DEL RIO 400,FORLI'-CESENA,ITALY,2008,Corporation,,,,,,,,,,,,,,,hitHorizons_dataset
Amadori Spa,"Finance, Insurance, and Real Estate",PIAZZA BORROMEO 14,MILANO,ITALY,2017,Corporation,,,,,,,,,,,,,,,hitHorizons_dataset
Cooperativa Esercenti Farmacia Soc. Coop. A Rl,Wholesale Trade,VIA ACHILLE GRANDI 18,BRESCIA,ITALY,1934,Cooperative,,,,,,,,,,,,,,,hitHorizons_dataset
Centauro Srl,"Finance, Insurance, and Real Estate",VIA AGOSTINO BERTANI 2,MILANO,ITALY,1994,Corporation,,,,,,,,,,,,,,,hitHorizons_dataset
Tesya Spa,"Finance, Insurance, and Real Estate",VIA PADANA SUPERIORE 19,MILANO,ITALY,1952,Corporation,,,,,,,,,,,,,,,hitHorizons_dataset
Alpiq Energia Italia Spa,"Transportation, Communications, Electric, Gas, and Sanitary Services",VIA MAROSTICA 1,MILANO,ITALY,1999,Corporation,,,,,,,,,,,,,,,hitHorizons_dataset
Alpiq Italia Srl,"Transportation, Communications, Electric, Gas, and Sanitary Services",VIA MAROSTICA 1,MILANO,ITALY,2000,Corporation,,,,,,,,,,,,,,,hitHorizons_dataset
Impresa Pizzarotti & C. Spa,Construction,VIA MADRE ANNA MARIA ADORNI 1,PARMA,ITALY,1910,Corporation,,,,,,,,,,,,,,,hitHorizons_dataset
Autotorino Spa,Retail Trade,VIA STAZIONE 4,SONDRIO,ITALY,1990,Corporation,,,,,,,,,,,,,,,hitHorizons_dataset
Philip Morris Manufacturing & Technology Bologna Spa,Manufacturing,VIA GIACOMO VENTURI 1-2,BOLOGNA,ITALY,1962,Corporation,,,,,,,,,,,,,,,hitHorizons_dataset
Sanofi Srl,Manufacturing,VIALE LUIGI BODIO 37/B,MILANO,ITALY,1938,Corporation,,,,,,,,,,,,,,,hitHorizons_dataset
Leasys Spa,Services,CORSO ORBASSANO 367,TORINO,ITALY,2000,Corporation,,,,,,,,,,,,,,,hitHorizons_dataset
Unilever Italia Mkt. Operations Srl,Wholesale Trade,VIA PAOLO DI DONO 3/A,ROMA,ITALY,1996,Corporation,,,,,,,,,,,,,,,hitHorizons_dataset
Decathlon Italia Srl,Retail Trade,VIA LAVORATORI AUTOBIANCHI 1,MONZA E BRIANZA,ITALY,1991,Corporation,,,,,,,,,,,,,,,hitHorizons_dataset
Hb Trading Spa,"Transportation, Communications, Electric, Gas, and Sanitary Services",PIAZZA GIUSEPPE GARIBALDI 4,LA SPEZIA,ITALY,2008,Corporation,,,,,,,,,,,,,,,hitHorizons_dataset
Eurospin Lazio Spa,Retail Trade,VIA FRANCESCO BARACCA 2/4 6,LATINA,ITALY,1994,Corporation,,,,,,,,,,,,,,,hitHorizons_dataset
Megamark Srl,Wholesale Trade,STRADA PROVINCIALE 130 ANDRIA-TRANI,BARLETTA ANDRIA TRANI,ITALY,2003,Corporation,,,,,,,,,,,,,,,hitHorizons_dataset
Acciaierie Venete Spa,Manufacturing,RIVIERA FRANCIA 9/11,PADOVA,ITALY,1963,Corporation,,,,,,,,,,,,,,,hitHorizons_dataset
Parsid Spa,"Finance, Insurance, and Real Estate",RIVIERA FRANCIA 9/11,PADOVA,ITALY,2006,Corporation,,,,,,,,,,,,,,,hitHorizons_dataset
Cnh Industrial N.v.,"Finance, Insurance, and Real Estate",LUNGOSTURA LAZIO 3A,TORINO,ITALY,2013,Foreign Company,,,,,,,,,,,,,,,hitHorizons_dataset
Nestle' Italiana Spa,Manufacturing,VIA DEL MULINO 6,MILANO,ITALY,1913,Corporation,,,,,,,,,,,,,,,hitHorizons_dataset
Granarolo Spa,Manufacturing,VIA CADRIANO 27/2,BOLOGNA,ITALY,1988,Corporation,,,,,,,,,,,,,,,hitHorizons_dataset
Fideuram Intesa Sanpaolo Private Banking Spa,"Finance, Insurance, and Real Estate",PIAZZALE GIULIO DOUHET 31,ROMA,ITALY,1949,Corporation,,,,,,,,,,,,,,,hitHorizons_dataset
C.l.n. Coils Lamiere Nastri Spa,Manufacturing,CORSO SUSA 13/15,TORINO,ITALY,1967,Corporation,,,,,,,,,,,,,,,hitHorizons_dataset
Ferfina Spa,"Finance, Insurance, and Real Estate",VIA SALARIA 1039,ROMA,ITALY,1932,Corporation,,,,,,,,,,,,,,,hitHorizons_dataset
Finanziaria Dei Dogi Srl,"Finance, Insurance, and Real Estate",VIA SALARIA 1039,ROMA,ITALY,2012,Corporation,,,,,,,,,,,,,,,hitHorizons_dataset
Engineering - Ingegneria Informatica Spa,Services,PIAZZALE DELL'AGRICOLTURA 24,ROMA,ITALY,1980,Corporation,,,,,,,,,,,,,,,hitHorizons_dataset
Granlatte Soc Coop Agricola A Rl,"Agriculture, Forestry, and Fishing",VIA CADRIANO 36,BOLOGNA,ITALY,1957,Corporation,,,,,,,,,,,,,,,hitHorizons_dataset
E.on Energia Spa,"Transportation, Communications, Electric, Gas, and Sanitary Services",VIA DELL'UNIONE 1,MILANO,ITALY,2004,Corporation,,,,,,,,,,,,,,,hitHorizons_dataset
Metro Italia Cash And Carry Spa,Wholesale Trade,VIA XXV APRILE 23,MILANO,ITALY,1972,Corporation,,,,,,,,,,,,,,,hitHorizons_dataset
Grimaldi Euromed Spa,"Transportation, Communications, Electric, Gas, and Sanitary Services",VIA MARCHESE CAMPODISOLA 13,NAPOLI,ITALY,1973,Corporation,,,,,,,,,,,,,,,hitHorizons_dataset
Procter & Gamble Holding Srl,Services,VIALE GIORGIO RIBOTTA 11,ROMA,ITALY,1956,Corporation,,,,,,,,,,,,,,,hitHorizons_dataset
Cassa Di Compensazione E Garanzia Spa,"Finance, Insurance, and Real Estate",VIA TOMACELLI 146,ROMA,ITALY,1992,Corporation,,,,,,,,,,,,,,,hitHorizons_dataset
Tech Data Italia Srl,Manufacturing,VIALE LEONE TOLSTOJ 65,MILANO,ITALY,1983,Corporation,,,,,,,,,,,,,,,hitHorizons_dataset
Waterfall Italia Spa,"Finance, Insurance, and Real Estate",VIALE GIOSUE' CARDUCCI 48,BOLOGNA,ITALY,2015,Corporation,,,,,,,,,,,,,,,hitHorizons_dataset
I.d. 4 Italia Srl,"Finance, Insurance, and Real Estate",VIALE GIOSUE' CARDUCCI 48,BOLOGNA,ITALY,2014,Corporation,,,,,,,,,,,,,,,hitHorizons_dataset
Alperia Trading Srl,"Transportation, Communications, Electric, Gas, and Sanitary Services",VIA DODICIVILLE 8,BOLZANO,ITALY,1999,Corporation,,,,,,,,,,,,,,,hitHorizons_dataset
Sogefi Spa,"Finance, Insurance, and Real Estate",VIA CIOVASSINO 1/A,MILANO,ITALY,1980,Corporation,,,,,,,,,,,,,,,hitHorizons_dataset
Conad Centro Nord Soc Coop,Wholesale Trade,VIA JOHN FITZGERALD KENNEDY 5,REGGIO EMILIA,ITALY,1997,Corporation,,,,,,,,,,,,,,,hitHorizons_dataset
Societa' Agricola La Pellegrina Spa,"Agriculture, Forestry, and Fishing",VIA VALPANTENA 18/G,VERONA,ITALY,1976,Corporation,,,,,,,,,,,,,,,hitHorizons_dataset
Siderurgica Investimenti Srl,"Finance, Insurance, and Real Estate",VIA GIUSEPPE VERDI 8,BRESCIA,ITALY,1989,Corporation,,,,,,,,,,,,,,,hitHorizons_dataset
Zucchetti Group Spa,"Finance, Insurance, and Real Estate",VIA SOLFERINO 1,LODI,ITALY,1978,Corporation,,,,,,,,,,,,,,,hitHorizons_dataset
Finde Spa,"Finance, Insurance, and Real Estate",CORSO GIOVANNI LANZA 101,TORINO,ITALY,1994,Corporation,,,,,,,,,,,,,,,hitHorizons_dataset
Shell Italia Holding Spa,"Finance, Insurance, and Real Estate",VIALE THOMAS ALVA EDISON 110,MILANO,ITALY,2002,Corporation,,,,,,,,,,,,,,,hitHorizons_dataset
Marseglia Group Spa,"Finance, Insurance, and Real Estate",VIA BAIONE 200,BARI,ITALY,1990,Corporation,,,,,,,,,,,,,,,hitHorizons_dataset
Bricoman Italia Srl,Retail Trade,VIA GUGLIELMO MARCONI 24,MILANO,ITALY,2007,Corporation,,,,,,,,,,,,,,,hitHorizons_dataset
Centurion Newco Spa,"Finance, Insurance, and Real Estate",VIALE BIANCA MARIA 25,MILANO,ITALY,2020,Corporation,,,,,,,,,,,,,,,hitHorizons_dataset
Egea Commerciale,"Transportation, Communications, Electric, Gas, and Sanitary Services",CORSO NINO BIXIO 8,CUNEO,ITALY,1996,Corporation,,,,,,,,,,,,,,,hitHorizons_dataset
Basell Poliolefine Italia Srl,Manufacturing,PIAZZALE GUIDO DONEGANI 12,FERRARA,ITALY,1995,Corporation,,,,,,,,,,,,,,,hitHorizons_dataset
Luxottica Srl,Manufacturing,FRAZIONE VALCOZZENA 10,BELLUNO,ITALY,1961,Corporation,,,,,,,,,,,,,,,hitHorizons_dataset
Fater Spa,Manufacturing,VIA MARE ADRIATICO 122,PESCARA,ITALY,1990,Corporation,,,,,,,,,,,,,,,hitHorizons_dataset
U.t. Communications Spa,"Finance, Insurance, and Real Estate",VIA MONTE NAPOLEONE 8,MILANO,ITALY,1994,Corporation,,,,,,,,,,,,,,,hitHorizons_dataset
Ali' Spa,Retail Trade,VIA OLANDA 2,PADOVA,ITALY,1973,Corporation,,,,,,,,,,,,,,,hitHorizons_dataset
Lukoil Italia Srl,Wholesale Trade,VIA LEONIDA BISSOLATI 20,ROMA,ITALY,2008,Corporation,,,,,,,,,,,,,,,hitHorizons_dataset
Bitron Industrie Spa,"Finance, Insurance, and Real Estate",STRADA DEL PORTONE 95,TORINO,ITALY,1993,Corporation,,,,,,,,,,,,,,,hitHorizons_dataset
Ali' Group Srl,"Finance, Insurance, and Real Estate",VIA OLANDA 2,PADOVA,ITALY,2006,Corporation,,,,,,,,,,,,,,,hitHorizons_dataset
Epta Spa,Manufacturing,VIA MECENATE 86,MILANO,ITALY,2003,Corporation,,,,,,,,,,,,,,,hitHorizons_dataset
Epta Hdp Spa,"Finance, Insurance, and Real Estate",VIA MECENATE 86,MILANO,ITALY,2017,Corporation,,,,,,,,,,,,,,,hitHorizons_dataset
Postepay Spa,"Finance, Insurance, and Real Estate",VIALE EUROPA 190,ROMA,ITALY,2001,Corporation,,,,,,,,,,,,,,,hitHorizons_dataset
Pini Holding Srl,"Finance, Insurance, and Real Estate",VIA RUGGERO BOSCOVICH 27,MILANO,ITALY,2018,Corporation,,,,,,,,,,,,,,,hitHorizons_dataset
Itinera Spa,Construction,STRADA STATALE PER ALESSANDRIA 6/A,ALESSANDRIA,ITALY,1995,Corporation,,,,,,,,,,,,,,,hitHorizons_dataset
Acciaierie Valbruna Spa,Manufacturing,VIALE DELLA SCIENZA 25,VICENZA,ITALY,1925,Corporation,,,,,,,,,,,,,,,hitHorizons_dataset
Penny Market Srl,Retail Trade,STRADA PROVINCIALE 11 PADANA SUPERIORE 2/B,MILANO,ITALY,1997,Corporation,,,,,,,,,,,,,,,hitHorizons_dataset
Valentino Spa,Services,VIALE DEI LANIFICI 1,VICENZA,ITALY,1997,Corporation,,,,,,,,,,,,,,,hitHorizons_dataset
Dana Graziano Srl,Manufacturing,VIA CUMIANA 14,TORINO,ITALY,1989,Corporation,,,,,,,,,,,,,,,hitHorizons_dataset
Iris Mobili Srl,Retail Trade,VIA CARLO POMA 11,ROMA,ITALY,2002,Corporation,,,,,,,,,,,,,,,hitHorizons_dataset
Padana Tubi E Profilati Acciaio Spa,Manufacturing,VIA PORTAMURATA 8/A,REGGIO EMILIA,ITALY,1975,Corporation,,,,,,,,,,,,,,,hitHorizons_dataset
Adler Plastic Spa,Manufacturing,VIA MOZZONI LOCALITA' S.DOMENICO,NAPOLI,ITALY,1980,Corporation,,,,,,,,,,,,,,,hitHorizons_dataset
Cofco International Italy Srl,Wholesale Trade,PIAZZA JOHN FITZGERALD KENNEDY 3,RAVENNA,ITALY,2004,Corporation,,,,,,,,,,,,,,,hitHorizons_dataset
Diasorin Spa,"Finance, Insurance, and Real Estate",VIA CRESCENTINO,VERCELLI,ITALY,1996,Corporation,,,,,,,,,,,,,,,hitHorizons_dataset
T.c.a. Trattamenti Ceneri Auroargentifere Spa,Manufacturing,LOCALITA' CASTELLUCCIO 11,AREZZO,ITALY,1977,Corporation,,,,,,,,,,,,,,,hitHorizons_dataset
Groupama Assicurazioni Spa,"Finance, Insurance, and Real Estate",VIALE CESARE PAVESE 385,ROMA,ITALY,1929,Corporation,,,,,,,,,,,,,,,hitHorizons_dataset
Electrolux Italia Spa,Manufacturing,CORSO LINO ZANUSSI 24,PORDENONE,ITALY,1916,Corporation,,,,,,,,,,,,,,,hitHorizons_dataset
Msc Societa' Di Partecipazione Tra Lavoratori Spa,"Finance, Insurance, and Real Estate",VIA UBALDO POLI 4,BOLOGNA,ITALY,1938,Corporation,,,,,,,,,,,,,,,hitHorizons_dataset
Dimar Spa,Wholesale Trade,VIA CUNEO 34,CUNEO,ITALY,1973,Corporation,,,,,,,,,,,,,,,hitHorizons_dataset
Tnt Global Express Srl,"Transportation, Communications, Electric, Gas, and Sanitary Services",CORSO GIULIO CESARE 268,TORINO,ITALY,1981,Corporation,,,,,,,,,,,,,,,hitHorizons_dataset
Unico La Farmacia Dei Farmacisti Spa,Wholesale Trade,VIA GARBAGNATE 63,MILANO,ITALY,1945,Corporation,,,,,,,,,,,,,,,hitHorizons_dataset
Engycalor Energia Calore Srl,Wholesale Trade,VIA AURELIA 915,ROMA,ITALY,1966,Corporation,,,,,,,,,,,,,,,hitHorizons_dataset
Comet Spa,Wholesale Trade,VIA MICHELINO 105,BOLOGNA,ITALY,1968,Corporation,,,,,,,,,,,,,,,hitHorizons_dataset
Comet Holding Spa,"Finance, Insurance, and Real Estate",VIA MICHELINO 105,BOLOGNA,ITALY,2003,Corporation,,,,,,,,,,,,,,,hitHorizons_dataset
Unione Farmaceutica Novarese,"Finance, Insurance, and Real Estate",CORSO VERCELLI 120/C,NOVARA,ITALY,1945,Corporation,,,,,,,,,,,,,,,hitHorizons_dataset
Ferragamo Finanziaria Spa,"Finance, Insurance, and Real Estate",VIA DEI TORNABUONI 2,FIRENZE,ITALY,1989,Corporation,,,,,,,,,,,,,,,hitHorizons_dataset
Ge Avio Srl,Manufacturing,VIA I MAGGIO 99,TORINO,ITALY,2013,Corporation,,,,,,,,,,,,,,,hitHorizons_dataset
Alrescha Investimenti Srl,"Finance, Insurance, and Real Estate",CORSO EUROPA 2,MILANO,ITALY,2009,Corporation,,,,,,,,,,,,,,,hitHorizons_dataset
Same Deutz Fahr Italia Spa,Manufacturing,VIALE FRANCESCO CASSANI 15,BERGAMO,ITALY,1978,Corporation,,,,,,,,,,,,,,,hitHorizons_dataset
Agora' Network Soc Cons.rl,Wholesale Trade,VIA GIOVANNI BATTISTA PERGOLESI 25,MILANO,ITALY,2000,Corporation,,,,,,,,,,,,,,,hitHorizons_dataset
Erg Spa,"Finance, Insurance, and Real Estate",VIA DE MARINI 1,GENOVA,ITALY,1938,Corporation,,,,,,,,,,,,,,,hitHorizons_dataset
Erg Power Generation Spa,"Transportation, Communications, Electric, Gas, and Sanitary Services",VIA DE MARINI 1,GENOVA,ITALY,2003,Corporation,,,,,,,,,,,,,,,hitHorizons_dataset
San Quirico Spa,"Finance, Insurance, and Real Estate",VIA MARTIN PIAGGIO 17/4,GENOVA,ITALY,2004,Corporation,,,,,,,,,,,,,,,hitHorizons_dataset
Unes Maxi Spa,Retail Trade,VIALE DELLE INDUSTRIE SNC,MILANO,ITALY,1984,Corporation,,,,,,,,,,,,,,,hitHorizons_dataset
Iperal Supermercati Spa,Retail Trade,VIA BOLLADORE 64,SONDRIO,ITALY,2019,Corporation,,,,,,,,,,,,,,,hitHorizons_dataset
Rosenbauer International Ag,Wholesale Trade,VIA DEI CAMPI DELLA RIENZA 30,BOLZANO,ITALY,1956,Foreign Company,,,,,,,,,,,,,,,hitHorizons_dataset
Turytes Spa,"Finance, Insurance, and Real Estate",GALLERIA CAMILLO BENSO CONTE DI CAVOUR 4,BOLOGNA,ITALY,1987,Corporation,,,,,,,,,,,,,,,hitHorizons_dataset
Alliancebernstein (luxembourg) S.a' Rl,"Finance, Insurance, and Real Estate",PIAZZA IV NOVEMBRE 7,MILANO,ITALY,2020,Foreign Company,,,,,,,,,,,,,,,hitHorizons_dataset
Denso Thermal Systems Spa,Manufacturing,FRAZIONE MASIO 24,TORINO,ITALY,2001,Corporation,,,,,,,,,,,,,,,hitHorizons_dataset
Nova Coop Soc Coop,Retail Trade,VIA NELSON MANDELA 4,VERCELLI,ITALY,1989,Corporation,,,,,,,,,,,,,,,hitHorizons_dataset
Green Network Spa,"Transportation, Communications, Electric, Gas, and Sanitary Services",VIA GIULIO VINCENZO BONA 101,ROMA,ITALY,2003,Corporation,,,,,,,,,,,,,,,hitHorizons_dataset
Amazon Italia Transport Srl,"Transportation, Communications, Electric, Gas, and Sanitary Services",VIALE MONTE GRAPPA 3/5,MILANO,ITALY,2016,Corporation,,,,,,,,,,,,,,,hitHorizons_dataset
Findomestic Banca Spa,"Finance, Insurance, and Real Estate",VIA JACOPO DA DIACCETO 48,FIRENZE,ITALY,1984,Corporation,,,,,,,,,,,,,,,hitHorizons_dataset
Prenatal Retail Group Spa Ovvero In Abbreviato Pnt Retail Gr Oup Spa O Prg Spa,Retail Trade,VIA DELLE PRIMULE 5,MONZA E BRIANZA,ITALY,1987,Corporation,,,,,,,,,,,,,,,hitHorizons_dataset
Azimut - Benetti Spa,Manufacturing,VIA MICHELE COPPINO 104,LUCCA,ITALY,1974,Corporation,,,,,,,,,,,,,,,hitHorizons_dataset
Agsm Aim Energia Spa,"Transportation, Communications, Electric, Gas, and Sanitary Services",LUNGADIGE GALTAROSSA 8,VERONA,ITALY,1999,Corporation,,,,,,,,,,,,,,,hitHorizons_dataset
Fif Holding Spa,"Finance, Insurance, and Real Estate",VIA VEZZA D'OGLIO 7,MILANO,ITALY,2016,Corporation,,,,,,,,,,,,,,,hitHorizons_dataset
Coopservice Societa' Cooperativa Per Azioni,Services,VIA ROCHDALE 5,REGGIO EMILIA,ITALY,1975,Corporation,,,,,,,,,,,,,,,hitHorizons_dataset
Servizi Energia Italia Spa,Services,VIA MARTIRI DI CEFALONIA 67,MILANO,ITALY,2008,Corporation,,,,,,,,,,,,,,,hitHorizons_dataset
Bonfi Srl,"Finance, Insurance, and Real Estate",GALLERIA GUGLIELMO MARCONI 1,BOLOGNA,ITALY,2017,Corporation,,,,,,,,,,,,,,,hitHorizons_dataset
Bonfiglioli Spa,"Finance, Insurance, and Real Estate",VIA CLEMENTINO BONFIGLIOLI 1,BOLOGNA,ITALY,1967,Corporation,,,,,,,,,,,,,,,hitHorizons_dataset
Elecnor Sa,Services,VIA GIUSEPPE VERDI 6,NOVARA,ITALY,2010,Foreign Company,,,,,,,,,,,,,,,hitHorizons_dataset
Rialto Spa,Retail Trade,VIA GIAN CARLO CLERICI 342,MILANO,ITALY,1980,Corporation,,,,,,,,,,,,,,,hitHorizons_dataset
Industries Spa,Retail Trade,VIA VENEZIA 1,PADOVA,ITALY,1975,Corporation,,,,,,,,,,,,,,,hitHorizons_dataset
Riva Azzurra Spa,Retail Trade,VIA PANTANO 28,MILANO,ITALY,1979,Corporation,,,,,,,,,,,,,,,hitHorizons_dataset
Casillo Commodities Italia Spa,Wholesale Trade,VIA ANTONIO SANT'ELIA ZONA INDUSTRIALE SNC,BARI,ITALY,1993,Corporation,,,,,,,,,,,,,,,hitHorizons_dataset
Ludoil Energy Spa,"Finance, Insurance, and Real Estate",VIA TARANTO 40,NAPOLI,ITALY,2012,Corporation,,,,,,,,,,,,,,,hitHorizons_dataset
Supermercati Tosano Cerea Srl,Retail Trade,VIA PALESELLA 1,VERONA,ITALY,1980,Corporation,,,,,,,,,,,,,,,hitHorizons_dataset
Skf Industrie Spa,Manufacturing,VIA PINEROLO 44,TORINO,ITALY,1980,Corporation,,,,,,,,,,,,,,,hitHorizons_dataset
Hp Italy Srl,Wholesale Trade,VIA CARLO DONAT CATTIN 5,MILANO,ITALY,1964,Corporation,,,,,,,,,,,,,,,hitHorizons_dataset
Gottardo Spa,Retail Trade,GALLERIA SPAGNA 9,PADOVA,ITALY,1991,Corporation,,,,,,,,,,,,,,,hitHorizons_dataset
Maior Srl,"Finance, Insurance, and Real Estate",GALLERIA SPAGNA 9,PADOVA,ITALY,1987,Corporation,,,,,,,,,,,,,,,hitHorizons_dataset
Policlinico San Donato Spa,Services,VIA RODOLFO MORANDI 30,MILANO,ITALY,1980,Corporation,,,,,,,,,,,,,,,hitHorizons_dataset
Vender Spa,"Finance, Insurance, and Real Estate",VIA ALFRED BERNHARD NOBEL 4/A,PARMA,ITALY,1999,Corporation,,,,,,,,,,,,,,,hitHorizons_dataset
Ludoil Energia Srl,Wholesale Trade,VIA TARANTO 40,NAPOLI,ITALY,2011,Corporation,,,,,,,,,,,,,,,hitHorizons_dataset
In's Mercato Spa,Retail Trade,VIA ISTITUTO SANTA MARIA DELLA PIETA' 6,VENEZIA,ITALY,1994,Corporation,,,,,,,,,,,,,,,hitHorizons_dataset
Sorgenia Power Spa,"Transportation, Communications, Electric, Gas, and Sanitary Services",VIA ADRIANO OLIVETTI SNC,CAMPOBASSO,ITALY,2003,Corporation,,,,,,,,,,,,,,,hitHorizons_dataset
Ald Automotive Italia Srl,Services,VIALE LUCA GAURICO 187,ROMA,ITALY,1987,Corporation,,,,,,,,,,,,,,,hitHorizons_dataset
Alliance Healthcare Italia Spa,"Finance, Insurance, and Real Estate",VIA MOGGIA 75/A,GENOVA,ITALY,1986,Corporation,,,,,,,,,,,,,,,hitHorizons_dataset
Estra Energie Srl,"Transportation, Communications, Electric, Gas, and Sanitary Services",VIA UGO PANZIERA 16,PRATO,ITALY,2007,Corporation,,,,,,,,,,,,,,,hitHorizons_dataset
Fibercop Spa,"Transportation, Communications, Electric, Gas, and Sanitary Services",VIA GAETANO NEGRI 1,MILANO,ITALY,2020,Corporation,,,,,,,,,,,,,,,hitHorizons_dataset
D & G Srl,Services,VIA CARLO GOLDONI 10,MILANO,ITALY,1988,Corporation,,,,,,,,,,,,,,,hitHorizons_dataset
Dolce & Gabbana Holding Srl,"Finance, Insurance, and Real Estate",VIA CARLO GOLDONI 10,MILANO,ITALY,2007,Corporation,,,,,,,,,,,,,,,hitHorizons_dataset
Ccs Jv Scarl,Services,VIA MILANO 10,MILANO,ITALY,2019,Corporation,,,,,,,,,,,,,,,hitHorizons_dataset
Vandemoortele Europe N.v.,Wholesale Trade,VIA FIORENZO SEMINI 12,GENOVA,ITALY,2019,Foreign Company,,,,,,,,,,,,,,,hitHorizons_dataset
Pastificio Rana Spa,Manufacturing,VIA ANTONIO PACINOTTI 25,VERONA,ITALY,1962,Corporation,,,,,,,,,,,,,,,hitHorizons_dataset
C.o.i.m. Spa - Chimica Organica Industriale Milanese,Manufacturing,VIA DELLE AZALEE 19,MILANO,ITALY,1966,Corporation,,,,,,,,,,,,,,,hitHorizons_dataset
Astaris Spa,Construction,VIA GIULIO VINCENZO BONA 65,ROMA,ITALY,1950,Corporation,,,,,,,,,,,,,,,hitHorizons_dataset
Tirreno Power Spa,"Transportation, Communications, Electric, Gas, and Sanitary Services",STRADONE VIGLIENA 39,NAPOLI,ITALY,1999,Corporation,,,,,,,,,,,,,,,hitHorizons_dataset
Eurospin Tirrenica Spa,Retail Trade,VIA DELLA CHIOCANA 3,PERUGIA,ITALY,1994,Corporation,,,,,,,,,,,,,,,hitHorizons_dataset
Angelini Pharma Italia Aziende Chimiche Riunite Angelini Francesco A.c.r.a.f. Spa,Manufacturing,VIALE AMELIA 70,ROMA,ITALY,1980,Corporation,,,,,,,,,,,,,,,hitHorizons_dataset
Electrade Spa,"Transportation, Communications, Electric, Gas, and Sanitary Services",VIA ARISTIDE NONIS 68/A,VICENZA,ITALY,2006,Corporation,,,,,,,,,,,,,,,hitHorizons_dataset
Cereal Docks Spa,Manufacturing,VIA DELL'INNOVAZIONE 1,VICENZA,ITALY,1991,Corporation,,,,,,,,,,,,,,,hitHorizons_dataset
Telecom Italia Sparkle Spa,"Transportation, Communications, Electric, Gas, and Sanitary Services",VIA DI MACCHIA PALOCCO 223,ROMA,ITALY,1933,Corporation,,,,,,,,,,,,,,,hitHorizons_dataset
Agos-ducato Spa,"Finance, Insurance, and Real Estate",VIALE FULVIO TESTI 280,MILANO,ITALY,1986,Corporation,,,,,,,,,,,,,,,hitHorizons_dataset
Fercam Holding Srl,"Finance, Insurance, and Real Estate",VIA MARIE CURIE 2,BOLZANO,ITALY,2016,Corporation,,,,,,,,,,,,,,,hitHorizons_dataset
Prexta Spa In Forma Abbreviata Prexta Spa,"Finance, Insurance, and Real Estate",PALAZZO MEUCCI VIA FRANCESCO SFORZA,MILANO,ITALY,2003,Corporation,,,,,,,,,,,,,,,hitHorizons_dataset
Marelli Europe Spa,Manufacturing,VIALE ALDO BORLETTI 61/63,MILANO,ITALY,1919,Corporation,,,,,,,,,,,,,,,hitHorizons_dataset
Coca-cola Hbc Italia Srl,Manufacturing,PIAZZA INDRO MONTANELLI 30,MILANO,ITALY,1998,Corporation,,,,,,,,,,,,,,,hitHorizons_dataset
Sonepar Italia Spa,Wholesale Trade,RIVIERA MAESTRI DEL LAVORO 24,PADOVA,ITALY,1978,Corporation,,,,,,,,,,,,,,,hitHorizons_dataset
Merck Serono Spa,Manufacturing,VIA CASILINA 125,ROMA,ITALY,1906,Corporation,,,,,,,,,,,,,,,hitHorizons_dataset
Lottomatica Spa,"Finance, Insurance, and Real Estate",VIA DEGLI ALDOBRANDESCHI 300,ROMA,ITALY,2016,Corporation,,,,,,,,,,,,,,,hitHorizons_dataset
Fratelli Arena Srl,Retail Trade,CONTRADA MILOCCA SNC,ENNA,ITALY,1976,Corporation,,,,,,,,,,,,,,,hitHorizons_dataset
Yoox Net-a-porter Group Spa,Retail Trade,VIA NERIO NANNETTI 1,BOLOGNA,ITALY,2000,Corporation,,,,,,,,,,,,,,,hitHorizons_dataset
Almaviva - The Italian Innovation Company Spa,Services,VIA DI CASAL BOCCONE 188/190,ROMA,ITALY,2005,Corporation,,,,,,,,,,,,,,,hitHorizons_dataset
Almaviva Technologies Srl,"Finance, Insurance, and Real Estate",PIAZZA DEI SANTI APOSTOLI 66,ROMA,ITALY,1994,Corporation,,,,,,,,,,,,,,,hitHorizons_dataset
Petronas Lubricants Italy Spa,Manufacturing,VIA SANTENA 1,TORINO,ITALY,1912,Corporation,,,,,,,,,,,,,,,hitHorizons_dataset
Adi Energia Srl,"Transportation, Communications, Electric, Gas, and Sanitary Services",VIALE CERTOSA 239,MILANO,ITALY,2018,Corporation,,,,,,,,,,,,,,,hitHorizons_dataset
Amazon Italia Logistica Srl,"Transportation, Communications, Electric, Gas, and Sanitary Services",VIALE MONTE GRAPPA 3/5,MILANO,ITALY,2010,Corporation,,,,,,,,,,,,,,,hitHorizons_dataset
Credito Emiliano Spa,"Finance, Insurance, and Real Estate",VIA EMILIA SAN PIETRO 4,REGGIO EMILIA,ITALY,1973,Corporation,,,,,,,,,,,,,,,hitHorizons_dataset
Deutsche Bank Spa,"Finance, Insurance, and Real Estate",PIAZZA DEL CALENDARIO 3,MILANO,ITALY,1917,Corporation,,,,,,,,,,,,,,,hitHorizons_dataset
Bunge Italia Spa,Manufacturing,VIA BAIONA 203,RAVENNA,ITALY,2000,Corporation,,,,,,,,,,,,,,,hitHorizons_dataset
Enel Global Services Srl,Services,VIALE REGINA MARGHERITA 125,ROMA,ITALY,2019,Corporation,,,,,,,,,,,,,,,hitHorizons_dataset
Farvima Holding Srl,"Finance, Insurance, and Real Estate",VIA NAPOLI 220,NAPOLI,ITALY,1989,Corporation,,,,,,,,,,,,,,,hitHorizons_dataset
Sogegross Spa,Wholesale Trade,LUNGOTORRENTE SECCA 3/A,GENOVA,ITALY,1986,Corporation,,,,,,,,,,,,,,,hitHorizons_dataset
Gruppo Arena Spa,"Finance, Insurance, and Real Estate",VIA GIUSEPPE MAZZINI 36,ENNA,ITALY,2014,Corporation,,,,,,,,,,,,,,,hitHorizons_dataset
Eni Angola Spa,Mining,VIA EMILIA 1,MILANO,ITALY,2007,Corporation,,,,,,,,,,,,,,,hitHorizons_dataset
Ferrovial Construccin S.a.,Construction,FORO BUONAPARTE 67,MILANO,ITALY,1999,Foreign Company,,,,,,,,,,,,,,,hitHorizons_dataset
Alfa Acciai Spa,Manufacturing,VIA SAN POLO 152,BRESCIA,ITALY,1978,Corporation,,,,,,,,,,,,,,,hitHorizons_dataset
Cambielli Edilfriuli Spa,Wholesale Trade,VIA ASSANO 1791,FORLI'-CESENA,ITALY,1919,Corporation,,,,,,,,,,,,,,,hitHorizons_dataset
Comdata Spa,Services,VIA SEBASTIANO CABOTO 1,MILANO,ITALY,2012,Corporation,,,,,,,,,,,,,,,hitHorizons_dataset
Shell Energy Italia Srl,"Transportation, Communications, Electric, Gas, and Sanitary Services",VIALE THOMAS ALVA EDISON 110,MILANO,ITALY,1993,Corporation,,,,,,,,,,,,,,,hitHorizons_dataset
Fattoria San Michele A Torri Srl,"Finance, Insurance, and Real Estate",VIA SAN MICHELE 36,FIRENZE,ITALY,1987,Corporation,,,,,,,,,,,,,,,hitHorizons_dataset
Bottega Veneta Srl,Manufacturing,LOCALITA' CONTI MALTRAVERSO 1,VICENZA,ITALY,1968,Corporation,,,,,,,,,,,,,,,hitHorizons_dataset
Bolton Food Spa,Manufacturing,VIA EINAUDI 18/22,COMO,ITALY,1951,Corporation,,,,,,,,,,,,,,,hitHorizons_dataset
Silmar Group Spa,"Finance, Insurance, and Real Estate",LOCALITA' MERLARO 2,BRESCIA,ITALY,1985,Corporation,,,,,,,,,,,,,,,hitHorizons_dataset
Ferretti Spa,Manufacturing,VIA GIOVANNI ANSALDO 7,FORLI'-CESENA,ITALY,2004,Corporation,,,,,,,,,,,,,,,hitHorizons_dataset
Ferretti International Holding Spa,"Finance, Insurance, and Real Estate",VIA ALESSANDRO MANZONI 41,MILANO,ITALY,2012,Corporation,,,,,,,,,,,,,,,hitHorizons_dataset
Dalmine Spa,Manufacturing,PIAZZA CADUTI 6 LUGLIO 1944 1,BERGAMO,ITALY,1920,Corporation,,,,,,,,,,,,,,,hitHorizons_dataset
Banca Popolare Di Sondrio Spa,"Finance, Insurance, and Real Estate",PIAZZA GIUSEPPE GARIBALDI 16,SONDRIO,ITALY,1871,Corporation,,,,,,,,,,,,,,,hitHorizons_dataset
General Cavi Spa,Manufacturing,VIA DELL'INDUSTRIA 22,RAVENNA,ITALY,1992,Corporation,,,,,,,,,,,,,,,hitHorizons_dataset
Solvay Specialty Polymers Italy Spa,Manufacturing,VIALE LOMBARDIA 20,MILANO,ITALY,1971,Corporation,,,,,,,,,,,,,,,hitHorizons_dataset
Arcese Holding Sapa Di Eleuterio Arcese E C.,"Finance, Insurance, and Real Estate",VIA ALDO MORO 95,TRENTO,ITALY,2001,Corporation,,,,,,,,,,,,,,,hitHorizons_dataset
Infineum Italia Srl,Manufacturing,STRADA DI SCORRIMENTO 2,SAVONA,ITALY,1998,Corporation,,,,,,,,,,,,,,,hitHorizons_dataset
Smeg Spa,Manufacturing,VIA LEONARDO DA VINCI 4,REGGIO EMILIA,ITALY,1985,Corporation,,,,,,,,,,,,,,,hitHorizons_dataset
Sasol Italy Spa,Manufacturing,VIALE ENRICO FORLANINI 23,MILANO,ITALY,1957,Corporation,,,,,,,,,,,,,,,hitHorizons_dataset
Nordea Investment Funds S.a.,"Finance, Insurance, and Real Estate",VIA TORTONA 9,MILANO,ITALY,2012,Foreign Company,,,,,,,,,,,,,,,hitHorizons_dataset
Sanpellegrino Spa,Services,VIA DEL MULINO 6,MILANO,ITALY,1899,Corporation,,,,,,,,,,,,,,,hitHorizons_dataset
Retitalia Spa,Wholesale Trade,VIA GASPARE GOZZI 1/A,MILANO,ITALY,2005,Corporation,,,,,,,,,,,,,,,hitHorizons_dataset
Unoenergy Spa,"Transportation, Communications, Electric, Gas, and Sanitary Services",CORSO FELICE CAVALLOTTI 30,IMPERIA,ITALY,2004,Corporation,,,,,,,,,,,,,,,hitHorizons_dataset
United Parcel Service Italia Srl,"Transportation, Communications, Electric, Gas, and Sanitary Services",VIA GAUDENZIO FANTOLI 15/2 15/8,MILANO,ITALY,1986,Corporation,,,,,,,,,,,,,,,hitHorizons_dataset
Alstom Ferroviaria Spa,Manufacturing,VIA OTTAVIO MORENO 23,CUNEO,ITALY,1950,Corporation,,,,,,,,,,,,,,,hitHorizons_dataset
Elfin Srl,"Finance, Insurance, and Real Estate",CORSO FELICE CAVALLOTTI 30,IMPERIA,ITALY,2019,Corporation,,,,,,,,,,,,,,,hitHorizons_dataset
Uno Holding Srl,"Finance, Insurance, and Real Estate",VIA CALDERA 21,MILANO,ITALY,2015,Corporation,,,,,,,,,,,,,,,hitHorizons_dataset
Bticino Spa,Manufacturing,VIALE LUIGI BORRI 231,VARESE,ITALY,1945,Corporation,,,,,,,,,,,,,,,hitHorizons_dataset
Prysmian Powerlink Srl,Manufacturing,VIA CHIESE 6,MILANO,ITALY,2007,Corporation,,,,,,,,,,,,,,,hitHorizons_dataset
Compass Banca Spa,"Finance, Insurance, and Real Estate",FORO BUONAPARTE 10,MILANO,ITALY,1951,Corporation,,,,,,,,,,,,,,,hitHorizons_dataset
Carlo Colombo Spa,Manufacturing,VIA REGONA 3,CREMONA,ITALY,1982,Corporation,,,,,,,,,,,,,,,hitHorizons_dataset
Lb Holding Spa,"Finance, Insurance, and Real Estate",VIA COLOMBARA 113,VENEZIA,ITALY,2017,Corporation,,,,,,,,,,,,,,,hitHorizons_dataset
Verofin Srl,"Finance, Insurance, and Real Estate",PIAZZA GIOVINE ITALIA 3,MILANO,ITALY,2009,Corporation,,,,,,,,,,,,,,,hitHorizons_dataset
Umana Spa,Services,VIA COLOMBARA 113,VENEZIA,ITALY,1997,Corporation,,,,,,,,,,,,,,,hitHorizons_dataset
Gruppo Ltc Spa,"Finance, Insurance, and Real Estate",VIA ORNA 35,VICENZA,ITALY,1999,Corporation,,,,,,,,,,,,,,,hitHorizons_dataset
Alliance Healthcare Italia Distribuzione Spa,Wholesale Trade,VIA MOGGIA 75/A,GENOVA,ITALY,1949,Corporation,,,,,,,,,,,,,,,hitHorizons_dataset
Montanwerke Brixlegg Aktiengesellschaft,Wholesale Trade,VIA BOLZANO 63,BOLZANO,ITALY,2018,Foreign Company,,,,,,,,,,,,,,,hitHorizons_dataset
Societa' Italiana Per Condotte D'acqua Spa,Construction,VIA SALARIA 1039,ROMA,ITALY,1880,Corporation,,,,,,,,,,,,,,,hitHorizons_dataset
Sacyr Construccion S.a.,Construction,VIA INVORIO 24/A,TORINO,ITALY,2005,Foreign Company,,,,,,,,,,,,,,,hitHorizons_dataset
Arneg Spa,Manufacturing,VIA VENEZIA 58,PADOVA,ITALY,1963,Corporation,,,,,,,,,,,,,,,hitHorizons_dataset
General Logistics Systems Italy Spa,Services,VIA BASENTO 19,MILANO,ITALY,1993,Corporation,,,,,,,,,,,,,,,hitHorizons_dataset
Rizzoli Corriere Della Sera Mediagroup Spa,Manufacturing,VIA ANGELO RIZZOLI 8,MILANO,ITALY,1997,Corporation,,,,,,,,,,,,,,,hitHorizons_dataset
Metinvest Trametal Spa,Manufacturing,VIA XII OTTOBRE 1,GENOVA,ITALY,2007,Corporation,,,,,,,,,,,,,,,hitHorizons_dataset
Sarlux Srl,Manufacturing,GALLERIA PASSARELLA 2,MILANO,ITALY,1992,Corporation,,,,,,,,,,,,,,,hitHorizons_dataset
Seetech Global Industries Spa,"Finance, Insurance, and Real Estate",VIA ANTONIO PACINOTTI 3,BOLZANO,ITALY,2011,Corporation,,,,,,,,,,,,,,,hitHorizons_dataset
Henkel Italia Srl,Wholesale Trade,VIA CARLO AMORETTI 78,MILANO,ITALY,2015,Corporation,,,,,,,,,,,,,,,hitHorizons_dataset
Unicoop Tirreno Soc Coop,Retail Trade,STRADA STATALE S.S. AURELIA KM. 237 SNC,LIVORNO,ITALY,1945,Cooperative,,,,,,,,,,,,,,,hitHorizons_dataset
Banco Bpm Vita Spa,"Finance, Insurance, and Real Estate",VIA MASSAUA 6,MILANO,ITALY,1992,Corporation,,,,,,,,,,,,,,,hitHorizons_dataset
Tod's Spa,Manufacturing,VIA FILIPPO DELLA VALLE 1,FERMO,ITALY,1900,Corporation,,,,,,,,,,,,,,,hitHorizons_dataset
Di.vi. Finanziaria Di Diego Della Valle & C. Srl,"Finance, Insurance, and Real Estate",VIA SETTECAMINI 116,FERMO,ITALY,2002,Corporation,,,,,,,,,,,,,,,hitHorizons_dataset
Tigros Spa,Retail Trade,VIA DEL LAVORO 45,VARESE,ITALY,1979,Corporation,,,,,,,,,,,,,,,hitHorizons_dataset
Unigra' Srl,Manufacturing,VIA GARDIZZA 9/B,RAVENNA,ITALY,1970,Corporation,,,,,,,,,,,,,,,hitHorizons_dataset
Amissima Vita Spa,"Finance, Insurance, and Real Estate",MURA DI SANTA CHIARA 1,GENOVA,ITALY,1971,Corporation,,,,,,,,,,,,,,,hitHorizons_dataset
Eli Lilly Italia Spa,Manufacturing,VIA ANTONIO GRAMSCI 731/733,FIRENZE,ITALY,1959,Corporation,,,,,,,,,,,,,,,hitHorizons_dataset
Intesa Sanpaolo Assicura Spa,"Finance, Insurance, and Real Estate",CORSO INGHILTERRA 3,TORINO,ITALY,1995,Corporation,,,,,,,,,,,,,,,hitHorizons_dataset
Ferriera Valsider Spa,Manufacturing,VIA ANTONIO SALIERI 36,VERONA,ITALY,2000,Corporation,,,,,,,,,,,,,,,hitHorizons_dataset
Friul Intagli Industries Spa,Manufacturing,VIA ODERZO 68,PORDENONE,ITALY,1968,Corporation,,,,,,,,,,,,,,,hitHorizons_dataset
Costantin Spa,Retail Trade,VIA CANAREGGIO 1823/1,PADOVA,ITALY,1986,Corporation,,,,,,,,,,,,,,,hitHorizons_dataset
Eurovo Srl,Manufacturing,VIA MENSA 3,RAVENNA,ITALY,1981,Corporation,,,,,,,,,,,,,,,hitHorizons_dataset
Prima Sole Components Spa,Manufacturing,VIA CASILINA SUD SNC KM90,03020,FROSINONE,1968,Corporation,,,,,,,,,,,,,,,hitHorizons_dataset
Biesse Spa,Manufacturing,VIA DELLA MECCANICA 16,PESARO E URBINO,ITALY,1968,Corporation,,,,,,,,,,,,,,,hitHorizons_dataset
Scm Group Spa,Manufacturing,VIA EMILIA 69/71/77,RIMINI,ITALY,1958,Corporation,,,,,,,,,,,,,,,hitHorizons_dataset
Agfa,Wholesale Trade,VIA MASSIMO GORKI 69,MILANO,ITALY,2013,Foreign Company,,,,,,,,,,,,,,,hitHorizons_dataset
Bi.fin. Srl,"Finance, Insurance, and Real Estate",VIALE FRATELLI ROSSELLI 46,PESARO E URBINO,ITALY,1992,Corporation,,,,,,,,,,,,,,,hitHorizons_dataset
Dolce & Gabbana Srl,Manufacturing,VIA CARLO GOLDONI 10,MILANO,ITALY,1988,Corporation,,,,,,,,,,,,,,,hitHorizons_dataset
Dana Italia Srl,Manufacturing,LOCALITA' LINFANO,TRENTO,ITALY,1988,Corporation,,,,,,,,,,,,,,,hitHorizons_dataset
F.lli Martini & C. Spa,"Finance, Insurance, and Real Estate",VIA EMILIA 2614,FORLI'-CESENA,ITALY,1961,Corporation,,,,,,,,,,,,,,,hitHorizons_dataset
Dow Italia Divisione Commerciale Srl,Manufacturing,VIA FRANCESCO ALBANI 65,MILANO,ITALY,2001,Corporation,,,,,,,,,,,,,,,hitHorizons_dataset
Magna Powertrain Italia Srl,"Finance, Insurance, and Real Estate",VIA DEI CICLAMINI 4,BARI,ITALY,1999,Corporation,,,,,,,,,,,,,,,hitHorizons_dataset
Sicim Spa,Construction,VIA CONSOLATICO SUPERIORE 96/98,PARMA,ITALY,1962,Corporation,,,,,,,,,,,,,,,hitHorizons_dataset
Jaguar Land Rover Italia Spa,Retail Trade,VIALE ALESSANDRO MARCHETTI 105,ROMA,ITALY,2000,Corporation,,,,,,,,,,,,,,,hitHorizons_dataset
Nova Aeg Spa,"Transportation, Communications, Electric, Gas, and Sanitary Services",VIA NELSON MANDELA 4,VERCELLI,ITALY,2016,Corporation,,,,,,,,,,,,,,,hitHorizons_dataset
J.a.s. Jet Air Service Spa,"Transportation, Communications, Electric, Gas, and Sanitary Services",VIUZZO DI PORTO 4/B,FIRENZE,ITALY,1974,Corporation,,,,,,,,,,,,,,,hitHorizons_dataset
Acegasapsamga Spa,"Transportation, Communications, Electric, Gas, and Sanitary Services",VIA DEL TEATRO 5,TRIESTE,ITALY,1997,Corporation,,,,,,,,,,,,,,,hitHorizons_dataset
Siram Spa,Construction,VIA ANNA MARIA MOZZONI 12,MILANO,ITALY,1987,Corporation,,,,,,,,,,,,,,,hitHorizons_dataset
Lenovo Italy Srl,Manufacturing,VIA SAN BOVIO 3,MILANO,ITALY,2005,Corporation,,,,,,,,,,,,,,,hitHorizons_dataset
Urbaser S.a.,Services,VIA CONSORTILE,AVELLINO,ITALY,2015,Foreign Company,,,,,,,,,,,,,,,hitHorizons_dataset
Huawei Technologies Italia Srl,Wholesale Trade,VIA LORENTEGGIO 240,MILANO,ITALY,2004,Corporation,,,,,,,,,,,,,,,hitHorizons_dataset
Sace Spa,"Finance, Insurance, and Real Estate",PIAZZA POLI 37/42,ROMA,ITALY,1977,Corporation,,,,,,,,,,,,,,,hitHorizons_dataset
Ducati Motor Holding Spa,Manufacturing,VIA ANTONIO CAVALIERI DUCATI 3,BOLOGNA,ITALY,1926,Corporation,,,,,,,,,,,,,,,hitHorizons_dataset
Equensworldline Se,Services,VIA ENRICO CIALDINI 16,MILANO,ITALY,2013,Foreign Company,,,,,,,,,,,,,,,hitHorizons_dataset
Itas Istituto Trentino Alto Adige Per Assicurazioni Societa' Mutua Di Assicurazioni,"Finance, Insurance, and Real Estate",PIAZZA DELLE DONNE LAVORATRICI 2,TRENTO,ITALY,1821,Cooperative,,,,,,,,,,,,,,,hitHorizons_dataset
Lvmh Italia Spa,"Finance, Insurance, and Real Estate",LARGO AUGUSTO 8,MILANO,ITALY,1991,Corporation,,,,,,,,,,,,,,,hitHorizons_dataset
Farvima Medicinali Spa,Wholesale Trade,VIA NAPOLI 220,NAPOLI,ITALY,1963,Corporation,,,,,,,,,,,,,,,hitHorizons_dataset
Smurfit Kappa Italia Spa,Manufacturing,STRADA SERRAVALLE 65,ALESSANDRIA,ITALY,2000,Corporation,,,,,,,,,,,,,,,hitHorizons_dataset
Blackrock (netherlands) Bv,"Finance, Insurance, and Real Estate",PIAZZA SAN FEDELE 2,MILANO,ITALY,2018,Foreign Company,,,,,,,,,,,,,,,hitHorizons_dataset
Schneider Electric Spa,Manufacturing,VIA CIRCONVALLAZIONE EST 1,BERGAMO,ITALY,1960,Corporation,,,,,,,,,,,,,,,hitHorizons_dataset
Omnicom Media Group Srl,Services,VIA GIOVANNI SPADOLINI 5,MILANO,ITALY,1989,Corporation,,,,,,,,,,,,,,,hitHorizons_dataset
Volvo Group Italia Spa,Wholesale Trade,CORSO EUROPA 2,BERGAMO,ITALY,1982,Corporation,,,,,,,,,,,,,,,hitHorizons_dataset
Msd Italia Srl,Manufacturing,VIA VITORCHIANO 151,ROMA,ITALY,1956,Corporation,,,,,,,,,,,,,,,hitHorizons_dataset
Gnutti Carlo Spa,Manufacturing,VIA ARTIGIANI 2,BRESCIA,ITALY,1981,Corporation,,,,,,,,,,,,,,,hitHorizons_dataset
L'oreal Italia Spa,Retail Trade,VIA FRANCESCO PRIMATICCIO 155,MILANO,ITALY,1936,Corporation,,,,,,,,,,,,,,,hitHorizons_dataset
Italia Marittima Spa,"Transportation, Communications, Electric, Gas, and Sanitary Services",PASSEGGIO SANT'ANDREA 4,TRIESTE,ITALY,1936,Corporation,,,,,,,,,,,,,,,hitHorizons_dataset
C.u.ra. Consorzio Utilities Ravenna Soc Cons Arl,"Transportation, Communications, Electric, Gas, and Sanitary Services",VIA GRANAROLO 175/3,RAVENNA,ITALY,2000,Corporation,,,,,,,,,,,,,,,hitHorizons_dataset
Progefin Spa,Construction,VIA BARTOLOMEO ZUCCHI 1,MONZA E BRIANZA,ITALY,1985,Corporation,,,,,,,,,,,,,,,hitHorizons_dataset
Glaxosmithkline Spa,Wholesale Trade,VIALE DELL'AGRICOLTURA 7,VERONA,ITALY,1932,Corporation,,,,,,,,,,,,,,,hitHorizons_dataset
Compagnia Generale Trattori Spa,Wholesale Trade,VIA PADANA SUPERIORE 19,MILANO,ITALY,1990,Corporation,,,,,,,,,,,,,,,hitHorizons_dataset
Stabilo International Gmbh,Wholesale Trade,VIA MESSINA 38,MILANO,ITALY,2010,Foreign Company,,,,,,,,,,,,,,,hitHorizons_dataset
Ariston Spa,Manufacturing,VIALE ARISTIDE MERLONI 45,ANCONA,ITALY,2020,Corporation,,,,,,,,,,,,,,,hitHorizons_dataset
Saviola Holding Srl,"Finance, Insurance, and Real Estate",VIALE LOMBARDIA 29,MANTOVA,ITALY,2002,Corporation,,,,,,,,,,,,,,,hitHorizons_dataset
Google Italy Srl,"Transportation, Communications, Electric, Gas, and Sanitary Services",VIA FEDERICO CONFALONIERI 4,MILANO,ITALY,2002,Corporation,,,,,,,,,,,,,,,hitHorizons_dataset
Sacchi Giuseppe Spa,Wholesale Trade,VIA FILIPPO DA DESIO 60,MONZA E BRIANZA,ITALY,1957,Corporation,,,,,,,,,,,,,,,hitHorizons_dataset
Polynt Spa,Manufacturing,VIA ENRICO FERMI 51,BERGAMO,ITALY,1962,Corporation,,,,,,,,,,,,,,,hitHorizons_dataset
Brunello Cucinelli Spa,Manufacturing,VIALE PARCO DELL'INDUSTRIA 5,PERUGIA,ITALY,1991,Corporation,,,,,,,,,,,,,,,hitHorizons_dataset
Foro Delle Arti Srl,"Finance, Insurance, and Real Estate",PIAZZETTA DEI SAPIENTI 1,PERUGIA,ITALY,2005,Corporation,,,,,,,,,,,,,,,hitHorizons_dataset
Pro-gest Spa,Manufacturing,VIA CASTELLANA 90,TREVISO,ITALY,1981,Corporation,,,,,,,,,,,,,,,hitHorizons_dataset
Zignago Holding Spa,"Finance, Insurance, and Real Estate",VIALE ITA MARZOTTO 8,VENEZIA,ITALY,2002,Corporation,,,,,,,,,,,,,,,hitHorizons_dataset
Maiora Srl,Wholesale Trade,VIA SAN MAGNO 31,BARI,ITALY,1971,Corporation,,,,,,,,,,,,,,,hitHorizons_dataset
Loro Piana Spa,Manufacturing,CORSO PIETRO ROLANDI 10,VERCELLI,ITALY,1924,Corporation,,,,,,,,,,,,,,,hitHorizons_dataset
Grandi Salumifici Italiani Spa,Manufacturing,STRADA GHERBELLA 320,MODENA,ITALY,2000,Corporation,,,,,,,,,,,,,,,hitHorizons_dataset
Openjobmetis Spa Agenzia Per Il Lavoro,Services,VIA BERNARDINO TELESIO 18,MILANO,ITALY,2001,Corporation,,,,,,,,,,,,,,,hitHorizons_dataset
2i Rete Gas Spa,"Transportation, Communications, Electric, Gas, and Sanitary Services",VIA ALBERICO ALBRICCI 10,MILANO,ITALY,2009,Corporation,,,,,,,,,,,,,,,hitHorizons_dataset
Toshiba Electronics Europe Gmbh,Wholesale Trade,VIA TORRI BIANCHE 3,MONZA E BRIANZA,ITALY,2003,Foreign Company,,,,,,,,,,,,,,,hitHorizons_dataset
Sogei Societa' Generale D'informatica Spa E In Forma Abbreviato Sogei Spa,Services,VIA MARIO CARUCCI 131,ROMA,ITALY,1976,Corporation,,,,,,,,,,,,,,,hitHorizons_dataset
Bayer Spa,Wholesale Trade,VIA DELLE GROANE 126,MILANO,ITALY,1980,Corporation,,,,,,,,,,,,,,,hitHorizons_dataset
Comarco Compagnia Generale Di Commercio Arbitraggio E Coperture Spa,Wholesale Trade,PIAZZA DELLA VITTORIA 10,GENOVA,ITALY,1991,Corporation,,,,,,,,,,,,,,,hitHorizons_dataset
Vera Vita Spa,"Finance, Insurance, and Real Estate",VIA CARLO EDERLE 45,VERONA,ITALY,2000,Corporation,,,,,,,,,,,,,,,hitHorizons_dataset
Bcc Vita Spa Compagnia Di Assicurazioni Vita In Forma Abbreviato Bcc Vita Spa,"Finance, Insurance, and Real Estate",VIA BENIGNO CRESPI 19,MILANO,ITALY,2001,Corporation,,,,,,,,,,,,,,,hitHorizons_dataset
Wuerth Srl,Wholesale Trade,VIA STAZIONE 51,BOLZANO,ITALY,1963,Corporation,,,,,,,,,,,,,,,hitHorizons_dataset
Abbvie Srl,Manufacturing,STRADA REGIONALE 148 PONTINA 0SNC,LATINA,ITALY,2012,Corporation,,,,,,,,,,,,,,,hitHorizons_dataset
Coop Centro Italia Soc Coop,Retail Trade,VIA ANDREA DORIA 7,PERUGIA,ITALY,1947,Cooperative,,,,,,,,,,,,,,,hitHorizons_dataset
Colorobbia Holding Spa,"Finance, Insurance, and Real Estate",VIA PIETRAMARINA 53,FIRENZE,ITALY,1981,Corporation,,,,,,,,,,,,,,,hitHorizons_dataset
Heineken Italia Spa,Manufacturing,LOCALITA' AUTOPORTO 11,AOSTA,ITALY,1865,Corporation,,,,,,,,,,,,,,,hitHorizons_dataset
Dedalus Healthcare Systems Group Spa,"Finance, Insurance, and Real Estate",VIA COLLODI 6/C,FIRENZE,ITALY,2013,Corporation,,,,,,,,,,,,,,,hitHorizons_dataset
Sisal Spa,Services,VIA UGO BASSI 6,MILANO,ITALY,2006,Corporation,,,,,,,,,,,,,,,hitHorizons_dataset
Medtronic Italia Spa,Wholesale Trade,VIA VARESINA 162,MILANO,ITALY,1988,Corporation,,,,,,,,,,,,,,,hitHorizons_dataset
Riva Acciaio Spa,Manufacturing,VIALE CERTOSA 249,MILANO,ITALY,1986,Corporation,,,,,,,,,,,,,,,hitHorizons_dataset
Uvet Viaggi Turismo Spa,"Transportation, Communications, Electric, Gas, and Sanitary Services",BASTIONI DI PORTA VOLTA 10,MILANO,ITALY,1950,Corporation,,,,,,,,,,,,,,,hitHorizons_dataset
Veroniki Holding Spa,"Finance, Insurance, and Real Estate",VIA LARGA 9/11,MILANO,ITALY,2010,Corporation,,,,,,,,,,,,,,,hitHorizons_dataset
Mbda Italia Spa,Manufacturing,VIA MONTE FLAVIO 45,ROMA,ITALY,2001,Corporation,,,,,,,,,,,,,,,hitHorizons_dataset
Lg Electronics Italia Spa,Manufacturing,VIA ALDO ROSSI 4,MILANO,ITALY,1996,Corporation,,,,,,,,,,,,,,,hitHorizons_dataset
Rai Pubblicita' Spa,Services,VIA GIOVANNI CARLO CAVALLI 6,TORINO,ITALY,1926,Corporation,,,,,,,,,,,,,,,hitHorizons_dataset
Ngk Spark Plug Europe Gmbh,Services,VIA DELLE AZALEE 15,MILANO,ITALY,2006,Foreign Company,,,,,,,,,,,,,,,hitHorizons_dataset
Stoccaggi Gas Italia Spa,"Transportation, Communications, Electric, Gas, and Sanitary Services",PIAZZA SANTA BARBARA 7,MILANO,ITALY,2000,Corporation,,,,,,,,,,,,,,,hitHorizons_dataset
Acea Ato 2 Gruppo Acea Spa,"Transportation, Communications, Electric, Gas, and Sanitary Services",PIAZZALE OSTIENSE 2,ROMA,ITALY,1999,Corporation,,,,,,,,,,,,,,,hitHorizons_dataset
Zambon Company Spa,"Finance, Insurance, and Real Estate",VIA LILLO DEL DUCA 10,MILANO,ITALY,1938,Corporation,,,,,,,,,,,,,,,hitHorizons_dataset
Banca Generali Spa,"Finance, Insurance, and Real Estate",VIA NICCOLO' MACHIAVELLI 4,TRIESTE,ITALY,1992,Corporation,,,,,,,,,,,,,,,hitHorizons_dataset
Ferrero Industriale Italia Srl,Manufacturing,PIAZZALE PIETRO FERRERO 1,CUNEO,ITALY,1980,Corporation,,,,,,,,,,,,,,,hitHorizons_dataset
Design Holding Spa,"Finance, Insurance, and Real Estate",VIA ALESSANDRO MANZONI 38,MILANO,ITALY,2018,Corporation,,,,,,,,,,,,,,,hitHorizons_dataset
International Design Group Spa,"Finance, Insurance, and Real Estate",VIA ALESSANDRO MANZONI 38,MILANO,ITALY,2018,Corporation,,,,,,,,,,,,,,,hitHorizons_dataset
Flextronics Italy Spa,"Transportation, Communications, Electric, Gas, and Sanitary Services",STRADA PROVINCIALE 234 1/3,LODI,ITALY,2000,Corporation,,,,,,,,,,,,,,,hitHorizons_dataset
2v Energy Srl,"Transportation, Communications, Electric, Gas, and Sanitary Services",LUNGADIGE GALTAROSSA 8,VERONA,ITALY,2012,Corporation,,,,,,,,,,,,,,,hitHorizons_dataset
Intercos Spa,"Finance, Insurance, and Real Estate",VIA GUGLIELMO MARCONI 84,MONZA E BRIANZA,ITALY,1990,Corporation,,,,,,,,,,,,,,,hitHorizons_dataset
Engie Servizi Spa,Construction,VIALE GIORGIO RIBOTTA 31,ROMA,ITALY,1985,Corporation,,,,,,,,,,,,,,,hitHorizons_dataset
Apulia Distribuzione Srl,Wholesale Trade,STRADA PROVINCIALE 240 DELLE GROTTE ORIENTALI,BARI,ITALY,2001,Corporation,,,,,,,,,,,,,,,hitHorizons_dataset
Ghella Spa,Construction,VIA PIETRO BORSIERI 2/A,ROMA,ITALY,1894,Corporation,,,,,,,,,,,,,,,hitHorizons_dataset
Synergie Italia Agenzia Per Il Lavoro Spa,Services,VIA PISA 29,TORINO,ITALY,1999,Corporation,,,,,,,,,,,,,,,hitHorizons_dataset
Avi.coop Soc Coop Agricola,Manufacturing,VIA DEL RIO 336,FORLI'-CESENA,ITALY,1980,Corporation,,,,,,,,,,,,,,,hitHorizons_dataset
Berlin Packaging (europe) Spa,"Finance, Insurance, and Real Estate",VIALE CRISTOFORO COLOMBO 12/14,MILANO,ITALY,2016,Corporation,,,,,,,,,,,,,,,hitHorizons_dataset
Trenord Srl,"Transportation, Communications, Electric, Gas, and Sanitary Services",VIA ROMA 5,BRESCIA,ITALY,2009,Corporation,,,,,,,,,,,,,,,hitHorizons_dataset
Technip Energies Italy Spa,Services,VIALE CASTELLO DELLA MAGLIANA 68,ROMA,ITALY,1969,Corporation,,,,,,,,,,,,,,,hitHorizons_dataset
Metalmeccanica Tiberina Srl,Manufacturing,VIA ZONA INDUSTRIALE MADONNA DEL MORO,PERUGIA,ITALY,1963,Corporation,,,,,,,,,,,,,,,hitHorizons_dataset
Attiva Spa,Wholesale Trade,VIA DEL PROGRESSO 1008,VICENZA,ITALY,1996,Corporation,,,,,,,,,,,,,,,hitHorizons_dataset
Coeclerici Spa,"Finance, Insurance, and Real Estate",PIAZZA GENERALE ARMANDO DIAZ 7,MILANO,ITALY,1920,Corporation,,,,,,,,,,,,,,,hitHorizons_dataset
F.i.l.a Fabbrica Italiana Lapis Ed Affini Spa,Manufacturing,VIA XXV APRILE 5,MILANO,ITALY,2013,Corporation,,,,,,,,,,,,,,,hitHorizons_dataset
Pencil Srl,"Finance, Insurance, and Real Estate",VIALE VITTORIO VENETO 14,MILANO,ITALY,2010,Corporation,,,,,,,,,,,,,,,hitHorizons_dataset
If 65 Spa,"Finance, Insurance, and Real Estate",VIALE SANT'EUFEMIA 108/F,BRESCIA,ITALY,1987,Corporation,,,,,,,,,,,,,,,hitHorizons_dataset
Coop Italia Soc Coop,Wholesale Trade,VIA DEL LAVORO 6/8,BOLOGNA,ITALY,1947,Cooperative,,,,,,,,,,,,,,,hitHorizons_dataset
American Express Payments Europe S.l.,"Finance, Insurance, and Real Estate",VIALE ALEXANDRE GUSTAVE EIFFEL 15,ROMA,ITALY,2018,Foreign Company,,,,,,,,,,,,,,,hitHorizons_dataset
Kia Italia Srl,Retail Trade,VIA GALLARATE 184,MILANO,ITALY,2011,Corporation,,,,,,,,,,,,,,,hitHorizons_dataset
Shell Italia E&p Spa,Mining,PIAZZA DI SAN SILVESTRO 8,ROMA,ITALY,1996,Corporation,,,,,,,,,,,,,,,hitHorizons_dataset
Volvo Car Italia Spa,Retail Trade,VIA ENRICO MATTEI 66,BOLOGNA,ITALY,1957,Corporation,,,,,,,,,,,,,,,hitHorizons_dataset
Guala Closures Spa,Manufacturing,VIA RANA 12,ALESSANDRIA,ITALY,1965,Corporation,,,,,,,,,,,,,,,hitHorizons_dataset
Kos Spa,"Finance, Insurance, and Real Estate",VIA CIOVASSINO 1,MILANO,ITALY,1984,Corporation,,,,,,,,,,,,,,,hitHorizons_dataset
Kedrion Spa,Manufacturing,LOCALITA' AI CONTI,LUCCA,ITALY,2000,Corporation,,,,,,,,,,,,,,,hitHorizons_dataset
Nippon Express Italia Spa,"Transportation, Communications, Electric, Gas, and Sanitary Services",VIA VIII MARZO 6,FIRENZE,ITALY,1981,Corporation,,,,,,,,,,,,,,,hitHorizons_dataset
Messaggerie Italiane Di Giornali Riviste E Libri Spa,Wholesale Trade,CORSO SEMPIONE 4,MILANO,ITALY,1914,Corporation,,,,,,,,,,,,,,,hitHorizons_dataset
Fercam Spa,"Transportation, Communications, Electric, Gas, and Sanitary Services",VIA MARIE CURIE 2,BOLZANO,ITALY,1949,Corporation,,,,,,,,,,,,,,,hitHorizons_dataset
Compagnia Valdostana Delle Acque - Compagnie Valdotaine Des Eaux Spa,"Transportation, Communications, Electric, Gas, and Sanitary Services",VIA STAZIONE 31,AOSTA,ITALY,1998,Corporation,,,,,,,,,,,,,,,hitHorizons_dataset
Autogrill Italia Spa,Retail Trade,VIA MARIO GREPPI 2,NOVARA,ITALY,1995,Corporation,,,,,,,,,,,,,,,hitHorizons_dataset
Daikin Air Conditioning Italy Spa,Services,VIA GIUSEPPE RIPAMONTI 85,MILANO,ITALY,2001,Corporation,,,,,,,,,,,,,,,hitHorizons_dataset
G.a. Operations Spa,Manufacturing,VIA PIETRO GIARDINI 1324,MODENA,ITALY,1962,Corporation,,,,,,,,,,,,,,,hitHorizons_dataset
Fideuram Intesa Sanpaolo Private Banking Asset Management Societa' Di Gestione Del Risparm,"Finance, Insurance, and Real Estate",VIA MONTEBELLO 18,MILANO,ITALY,1986,Corporation,,,,,,,,,,,,,,,hitHorizons_dataset
Proma Spa,Manufacturing,VIALE CARLO III TRAV. I VIA GALVANI SNC,CASERTA,ITALY,1990,Corporation,,,,,,,,,,,,,,,hitHorizons_dataset
Dussmann Service Srl,Services,VIA PAPA GIOVANNI XXIII 4,BERGAMO,ITALY,1969,Corporation,,,,,,,,,,,,,,,hitHorizons_dataset
Assimoco Vita Spa Compagnia Di Assicurazione Sulla Vita,"Finance, Insurance, and Real Estate",VIA GIOVANNI SPADOLINI 7,MILANO,ITALY,1988,Corporation,,,,,,,,,,,,,,,hitHorizons_dataset
General Logistics Systems Enterprise Srl,"Transportation, Communications, Electric, Gas, and Sanitary Services",VIA BASENTO 19,MILANO,ITALY,2003,Corporation,,,,,,,,,,,,,,,hitHorizons_dataset
Cargill Eurit Srl,"Finance, Insurance, and Real Estate",VIA GIUSEPPE RIPAMONTI 89,MILANO,ITALY,2007,Corporation,,,,,,,,,,,,,,,hitHorizons_dataset
Givi Holding Srl,Services,PIAZZA LUIGI EINAUDI 4,MILANO,ITALY,1979,Corporation,,,,,,,,,,,,,,,hitHorizons_dataset
Edge Network Services Limited,Services,VIA CORSICA 10/12,BRESCIA,ITALY,2014,Foreign Company,,,,,,,,,,,,,,,hitHorizons_dataset
Molino Casillo Spa,Manufacturing,VIA ANTONIO SANT'ELIA ZONA INDUSTRIALE,BARI,ITALY,1935,Corporation,,,,,,,,,,,,,,,hitHorizons_dataset
Zambon Spa,Manufacturing,VIA LILLO DEL DUCA 10,MILANO,ITALY,1900,Corporation,,,,,,,,,,,,,,,hitHorizons_dataset
Bulgari Gioielli Spa,Manufacturing,CIRCONVALLAZIONE OVEST 3 A ZONA CO.IN.OR.,ALESSANDRIA,ITALY,1977,Corporation,,,,,,,,,,,,,,,hitHorizons_dataset
Pellegrini Spa,Retail Trade,VIA LORENTEGGIO 255,MILANO,ITALY,1982,Corporation,,,,,,,,,,,,,,,hitHorizons_dataset
C.s.i. - Compagnia Surgelati Italiana Spa,Manufacturing,VIA APPIA,LATINA,ITALY,1996,Corporation,,,,,,,,,,,,,,,hitHorizons_dataset
E.m.s. Euro Management Services Spa,"Finance, Insurance, and Real Estate",VIA STELLA ROSA 48/50,MILANO,ITALY,1984,Corporation,,,,,,,,,,,,,,,hitHorizons_dataset
Euro Group Spa,"Finance, Insurance, and Real Estate",VIA STELLA ROSA 48/50,MILANO,ITALY,2006,Corporation,,,,,,,,,,,,,,,hitHorizons_dataset
Cogne Acciai Speciali Spa,Manufacturing,STRADA PARAVERA 16,AOSTA,ITALY,1991,Corporation,,,,,,,,,,,,,,,hitHorizons_dataset
Ghella Group Srl,"Finance, Insurance, and Real Estate",VIA PIETRO BORSIERI 2/A,ROMA,ITALY,1984,Corporation,,,,,,,,,,,,,,,hitHorizons_dataset
Industrie De Nora Spa,"Finance, Insurance, and Real Estate",VIA LEONARDO BISTOLFI 35,MILANO,ITALY,2003,Corporation,,,,,,,,,,,,,,,hitHorizons_dataset
Federico De Nora Spa,"Finance, Insurance, and Real Estate",VIA LEONARDO BISTOLFI 35,MILANO,ITALY,2009,Corporation,,,,,,,,,,,,,,,hitHorizons_dataset
Euricom Spa,Wholesale Trade,VIA STAZIONE 119,PAVIA,ITALY,1980,Corporation,,,,,,,,,,,,,,,hitHorizons_dataset
Pag Italy Srl,"Finance, Insurance, and Real Estate",VIA DEL LAVORO 10,BOLOGNA,ITALY,2012,Corporation,,,,,,,,,,,,,,,hitHorizons_dataset
Comer Industries Spa,Manufacturing,VIA FERDINANDO MAGELLANO 27,REGGIO EMILIA,ITALY,1983,Corporation,,,,,,,,,,,,,,,hitHorizons_dataset
Eagles Oak Srl,"Finance, Insurance, and Real Estate",VIALE DEL SAGITTARIO 5,MODENA,ITALY,2016,Corporation,,,,,,,,,,,,,,,hitHorizons_dataset
Yara Italia Spa,Wholesale Trade,VIA BENIGNO CRESPI 57,MILANO,ITALY,1990,Corporation,,,,,,,,,,,,,,,hitHorizons_dataset
Geox Spa,Manufacturing,VIA FELTRINA CENTRO 16,TREVISO,ITALY,1998,Corporation,,,,,,,,,,,,,,,hitHorizons_dataset
Technogym Spa,Manufacturing,VIA CALCINARO 2861,FORLI'-CESENA,ITALY,1983,Corporation,,,,,,,,,,,,,,,hitHorizons_dataset
Cargill Srl,Manufacturing,VIA GIUSEPPE RIPAMONTI 89,MILANO,ITALY,1962,Corporation,,,,,,,,,,,,,,,hitHorizons_dataset
Caseifici Granterre Spa,Wholesale Trade,VIA POLONIA 30/33,MODENA,ITALY,1987,Corporation,,,,,,,,,,,,,,,hitHorizons_dataset
D'amico Societa' Di Navigazione Spa,"Transportation, Communications, Electric, Gas, and Sanitary Services",CORSO D'ITALIA 35/B,ROMA,ITALY,1969,Corporation,,,,,,,,,,,,,,,hitHorizons_dataset
Benetton Group Srl,Wholesale Trade,VIA VILLA MINELLI 1,TREVISO,ITALY,1999,Corporation,,,,,,,,,,,,,,,hitHorizons_dataset
Bonfiglioli Riduttori Spa,Manufacturing,VIA CLEMENTINO BONFIGLIOLI 1,BOLOGNA,ITALY,2005,Corporation,,,,,,,,,,,,,,,hitHorizons_dataset
Duferco Travi E Profilati Spa,Manufacturing,VIA ARMANDO DIAZ 248,BRESCIA,ITALY,1996,Corporation,,,,,,,,,,,,,,,hitHorizons_dataset
Bnp Paribas 3 Step It,Services,PIAZZA LINA BO BARDI 3,MILANO,ITALY,2019,Foreign Company,,,,,,,,,,,,,,,hitHorizons_dataset
Yama Spa,"Finance, Insurance, and Real Estate",VIA MEUCCIO RUINI 74/L,REGGIO EMILIA,ITALY,1980,Corporation,,,,,,,,,,,,,,,hitHorizons_dataset
S.a.p. Italia Sistemi Applicazioni Prodotti In Data Processing Spa,Services,VIA MONZA 7/A,MONZA E BRIANZA,ITALY,1988,Corporation,,,,,,,,,,,,,,,hitHorizons_dataset
Cura Gas & Power Spa,"Transportation, Communications, Electric, Gas, and Sanitary Services",VIA GRANAROLO 175/2,RAVENNA,ITALY,2012,Corporation,,,,,,,,,,,,,,,hitHorizons_dataset
Fai Service Soc Coop,Services,VIA RENZO GANDOLFO 1,CUNEO,ITALY,1986,Corporation,,,,,,,,,,,,,,,hitHorizons_dataset
Emak Spa,Manufacturing,VIA ENRICO FERMI 4,REGGIO EMILIA,ITALY,1969,Corporation,,,,,,,,,,,,,,,hitHorizons_dataset
Havi Logistics Srl,Wholesale Trade,VIA ALDO MORO 31,MODENA,ITALY,1990,Corporation,,,,,,,,,,,,,,,hitHorizons_dataset
F.lli Lando Spa,Retail Trade,VIA PIONCA 13,VENEZIA,ITALY,1972,Corporation,,,,,,,,,,,,,,,hitHorizons_dataset
Ep Produzione Centrale Livorno Ferraris Spa,"Transportation, Communications, Electric, Gas, and Sanitary Services",VIA VITTORIO VENETO 74,ROMA,ITALY,2001,Corporation,,,,,,,,,,,,,,,hitHorizons_dataset
Gruppo Illy Spa,"Finance, Insurance, and Real Estate",VIA DELLA MERCEDE 11,ROMA,ITALY,1982,Corporation,,,,,,,,,,,,,,,hitHorizons_dataset
O.r.i. Martin Holding Srl,"Finance, Insurance, and Real Estate",VIA COSIMO CANOVETTI 13,BRESCIA,ITALY,2021,Corporation,,,,,,,,,,,,,,,hitHorizons_dataset
O.r.i. Martin Acciaieria E Ferriera Di Brescia Spa,Manufacturing,VIA COSIMO CANOVETTI 13,BRESCIA,ITALY,1902,Corporation,,,,,,,,,,,,,,,hitHorizons_dataset
G.ecol. Cables Srl,Manufacturing,VIA GIUSEPPE BOVINI 43,RAVENNA,ITALY,1992,Corporation,,,,,,,,,,,,,,,hitHorizons_dataset
Eq Cables Spa,Services,VIA DELL'INDUSTRIA 22,RAVENNA,ITALY,1988,Corporation,,,,,,,,,,,,,,,hitHorizons_dataset
Duferco Commerciale Spa,Wholesale Trade,VIA DI SOTTORIPA 7/13,GENOVA,ITALY,1989,Corporation,,,,,,,,,,,,,,,hitHorizons_dataset
Sg Spa,Wholesale Trade,CONTRADA PARASACCHIELLO SNC,POTENZA,ITALY,2007,Corporation,,,,,,,,,,,,,,,hitHorizons_dataset
Covestro Srl,Manufacturing,VIA DELLE INDUSTRIE 9,BERGAMO,ITALY,2002,Corporation,,,,,,,,,,,,,,,hitHorizons_dataset
V.i.m. Srl Vendita Ingrosso Medicinali,Wholesale Trade,VIA DELLE FIERE SNC,MATERA,ITALY,1972,Corporation,,,,,,,,,,,,,,,hitHorizons_dataset
Ospedale San Raffaele Srl,Services,VIA OLGETTINA 60,MILANO,ITALY,1972,Corporation,,,,,,,,,,,,,,,hitHorizons_dataset
Lorenzo Ceccato Spa,Retail Trade,VIA VENETO 3/5,VICENZA,ITALY,1973,Corporation,,,,,,,,,,,,,,,hitHorizons_dataset
Tenova Spa,Manufacturing,VIA GERENZANO 58,VARESE,ITALY,1947,Corporation,,,,,,,,,,,,,,,hitHorizons_dataset
Balenciaga Logistica Srl,Manufacturing,VIA PISANA 336,FIRENZE,ITALY,2011,Corporation,,,,,,,,,,,,,,,hitHorizons_dataset
Unifarm Spa Unione Farmacisti Trentino Alto Adige,Wholesale Trade,VIA PROVINA 3,TRENTO,ITALY,1970,Corporation,,,,,,,,,,,,,,,hitHorizons_dataset
Pluto (italia) Spa,"Finance, Insurance, and Real Estate",PIAZZA DELLA REPUBBLICA 32,MILANO,ITALY,2018,Corporation,,,,,,,,,,,,,,,hitHorizons_dataset
Eg Holding Spa,"Finance, Insurance, and Real Estate",VIA DEL PERLAR 2,VERONA,ITALY,1991,Corporation,,,,,,,,,,,,,,,hitHorizons_dataset
Sofid Spa,"Finance, Insurance, and Real Estate",VIA UBERTO VISCONTI DI MODRONE 2,MILANO,ITALY,2009,Corporation,,,,,,,,,,,,,,,hitHorizons_dataset
Verallia Italia Spa,Manufacturing,STRADA STATALE 29,SAVONA,ITALY,1942,Corporation,,,,,,,,,,,,,,,hitHorizons_dataset
Clerici Spa,Wholesale Trade,VIA LODI 11,BERGAMO,ITALY,1990,Corporation,,,,,,,,,,,,,,,hitHorizons_dataset
Fintrade Holding Spa,"Finance, Insurance, and Real Estate",VIA VICENZA 3,BRESCIA,ITALY,1991,Corporation,,,,,,,,,,,,,,,hitHorizons_dataset
Areti Spa,"Transportation, Communications, Electric, Gas, and Sanitary Services",PIAZZALE OSTIENSE 2,ROMA,ITALY,1999,Corporation,,,,,,,,,,,,,,,hitHorizons_dataset
Liquigas Spa,Manufacturing,VIA GIAN ANTONIO AMADEO 59,MILANO,ITALY,1984,Corporation,,,,,,,,,,,,,,,hitHorizons_dataset
Faac Spa,Manufacturing,VIA MONALDO CALARI 10,BOLOGNA,ITALY,1953,Corporation,,,,,,,,,,,,,,,hitHorizons_dataset
Faac Partecipazioni Industriali Srl,"Finance, Insurance, and Real Estate",VIA MONALDO CALARI 10,BOLOGNA,ITALY,1953,Corporation,,,,,,,,,,,,,,,hitHorizons_dataset
Agn Energia Spa,Manufacturing,VIA AMALFI 6,TORINO,ITALY,1984,Corporation,,,,,,,,,,,,,,,hitHorizons_dataset
Lindt & Sprungli Spa,Manufacturing,LARGO EDOARDO BULGHERONI 1,VARESE,ITALY,1909,Corporation,,,,,,,,,,,,,,,hitHorizons_dataset
Fca Bank Spa,"Finance, Insurance, and Real Estate",CORSO ORBASSANO 367,TORINO,ITALY,1925,Corporation,,,,,,,,,,,,,,,hitHorizons_dataset
Salvatore Ferragamo Spa,Manufacturing,VIA DEI TORNABUONI 2,FIRENZE,ITALY,1927,Corporation,,,,,,,,,,,,,,,hitHorizons_dataset
Zanetti Spa,Wholesale Trade,VIA DELLA MADONNA 1,BERGAMO,ITALY,1913,Corporation,,,,,,,,,,,,,,,hitHorizons_dataset
Fnm Spa,"Transportation, Communications, Electric, Gas, and Sanitary Services",PIAZZALE LUIGI CADORNA 14,MILANO,ITALY,1887,Corporation,,,,,,,,,,,,,,,hitHorizons_dataset
Crif Spa,Services,VIA MARIO FANTIN 1/3,BOLOGNA,ITALY,1988,Corporation,,,,,,,,,,,,,,,hitHorizons_dataset
Guacci Spa,Wholesale Trade,CIS 8,NAPOLI,ITALY,1946,Corporation,,,,,,,,,,,,,,,hitHorizons_dataset
Falck Renewables Spa,"Finance, Insurance, and Real Estate",VIA ALBERTO FALCK 4/16,MILANO,ITALY,2002,Corporation,,,,,,,,,,,,,,,hitHorizons_dataset
Aquafil Spa,Manufacturing,VIA LINFANO 9,TRENTO,ITALY,2016,Corporation,,,,,,,,,,,,,,,hitHorizons_dataset
Nine Trees Group Spa,"Finance, Insurance, and Real Estate",VIALE MILANO 26,VICENZA,ITALY,2016,Corporation,,,,,,,,,,,,,,,hitHorizons_dataset
Dompe' Holdings Srl,"Finance, Insurance, and Real Estate",VIA SANTA LUCIA 6,MILANO,ITALY,2013,Corporation,,,,,,,,,,,,,,,hitHorizons_dataset
El.en. Spa,Manufacturing,VIA BALDANZESE 17,FIRENZE,ITALY,1981,Corporation,,,,,,,,,,,,,,,hitHorizons_dataset
Snaitech Spa,Services,PIAZZA DELLA REPUBBLICA 32,MILANO,ITALY,1906,Corporation,,,,,,,,,,,,,,,hitHorizons_dataset
Gb&p Srl,"Finance, Insurance, and Real Estate",VIA LEONE XIII 14,MILANO,ITALY,2011,Corporation,,,,,,,,,,,,,,,hitHorizons_dataset
G.s.g.r. Srl,"Finance, Insurance, and Real Estate",VIA PADRE VICINIO DA SARSINA 42,FORLI'-CESENA,ITALY,2002,Corporation,,,,,,,,,,,,,,,hitHorizons_dataset
Gruppo Societa' Gas Rimini Spa,"Transportation, Communications, Electric, Gas, and Sanitary Services",VIA GABRIELLO CHIABRERA 34/D,RIMINI,ITALY,1956,Corporation,,,,,,,,,,,,,,,hitHorizons_dataset
Pavimental Spa,Construction,VIA GIULIO VINCENZO BONA 95/101,ROMA,ITALY,1970,Corporation,,,,,,,,,,,,,,,hitHorizons_dataset
Argo Tractors Spa,Manufacturing,VIA GIACOMO MATTEOTTI 7,REGGIO EMILIA,ITALY,1989,Corporation,,,,,,,,,,,,,,,hitHorizons_dataset
A.r.g.o. Spa,"Finance, Insurance, and Real Estate",VIA LEMIZZONE 1,REGGIO EMILIA,ITALY,1988,Corporation,,,,,,,,,,,,,,,hitHorizons_dataset
Cefla Soc Coop,Construction,VIA PROVINCIALE SELICE 23/A,BOLOGNA,ITALY,1932,Corporation,,,,,,,,,,,,,,,hitHorizons_dataset
Solvay Chimica Italia Spa,Manufacturing,VIA PIAVE 6,LIVORNO,ITALY,1970,Corporation,,,,,,,,,,,,,,,hitHorizons_dataset
Family Business Poli Di Marco Poli E C. Sapa In Sigla Fb Poli Di Marco Poli E C. Sapa,"Finance, Insurance, and Real Estate",VIA SAN MARTINO 4,TRENTO,ITALY,2017,Corporation,,,,,,,,,,,,,,,hitHorizons_dataset
Rossetto Trade Spa,Retail Trade,VIA FRIULI 5 INTERNO 9,VERONA,ITALY,1999,Corporation,,,,,,,,,,,,,,,hitHorizons_dataset
Gruppo Rossetto Spa,"Finance, Insurance, and Real Estate",VIA FRIULI 5,VERONA,ITALY,1984,Corporation,,,,,,,,,,,,,,,hitHorizons_dataset
Legacy Srl,"Finance, Insurance, and Real Estate",VIA DELLA ZECCA 2,BOLOGNA,ITALY,2019,Corporation,,,,,,,,,,,,,,,hitHorizons_dataset
Cribis Holding Srl,"Finance, Insurance, and Real Estate",VIA DELLA ZECCA 2,BOLOGNA,ITALY,2010,Corporation,,,,,,,,,,,,,,,hitHorizons_dataset
Porsche Italia Spa,Retail Trade,CORSO STATI UNITI 35,PADOVA,ITALY,1989,Corporation,,,,,,,,,,,,,,,hitHorizons_dataset
Intesa Sanpaolo Rbm Salute Spa,"Finance, Insurance, and Real Estate",VIALE STELVIO 55/57,MILANO,ITALY,2007,Corporation,,,,,,,,,,,,,,,hitHorizons_dataset
Brenntag Spa,Wholesale Trade,STRADA 6 PALAZZO A 13 MILANOFIORI 0SNC,MILANO,ITALY,1952,Corporation,,,,,,,,,,,,,,,hitHorizons_dataset
